kod;cena;supplierId;typeid;nazov;balenie;
1211149-001-01-999;12.9;8;9;RAVENOL ATF 9HP Fluid - 1 L (VE 12 Stück);1 L;
1211149-004-01-999;11.5;8;9;RAVENOL ATF 9HP Fluid - 4 L (VE 4 Stück);4 L;
1324101-001-01-999;16.5;8;9;RAVENOL AHC Active Height Control Fluid - 1 L (VE 12 Stück);1 L;
1211146-001-01-999;12.5;8;9;RAVENOL ATF T-ULV Fluid - 1 L (VE 12 Stück);1 L;
1211146-004-01-999;11.5;8;9;RAVENOL ATF T-ULV Fluid - 4 L (VE 4 Stück);4 L;
1211146-010-01-999;10.9;8;9;RAVENOL ATF T-ULV Fluid - 10 L;plast;
1211146-B20-01-888;10.9;8;9;RAVENOL ATF T-ULV  Fluid - 20 L Bag in Box;bag;
1211144-001-01-999;6.6;8;9;RAVENOL Multi ATF HVS Fluid - 1 L (VE 12 Stück);1 L;
1211144-010-01-999;5.9;8;9;RAVENOL Multi ATF HVS Fluid - 10 L;plast;
1211145-001-01-999;6.6;8;9;RAVENOL Multi ATF LVS Fluid - 1 L (VE 12 Stück);1 L;
1211145-010-01-999;5.9;8;9;RAVENOL Multi ATF LVS Fluid - 10 L;plast;
1212106-001-01-999;8.88;8;9;RAVENOL DCT/DSG Getriebe Fluid - 1 L (VE 12 Stück);1 L;
1212106-004-01-999;8.71;8;9;RAVENOL DCT/DSG Getriebe Fluid - 4 L (VE 4 Stück);4 L;
1212106-010-01-999;8.05;8;9;RAVENOL DCT/DSG Getriebe Fluid - 10 L;plast;
1212106-020-01-999;7.99;8;9;RAVENOL DCT/DSG Getriebe Fluid - 20 L;plast;
1212106-B20-01-888;7.94;8;9;RAVENOL DCT/DSG Getriebe Fluid - 20 L Bag in Box;bag;
1211129-001-01-999;28;8;9;RAVENOL DCT GT-R Fluid - 1 L (VE 12 Stück);1 L;
1211135-001-01-999;11;8;9;RAVENOL ATF DCT-F3 - 1 L (VE 12 Stück);1 L;
1211131-001-01-999;9.99;8;9;RAVENOL ATF PDK Fluid - 1 L (VE 12 Stück);1 L;
1212104-001-01-999;6.39;8;9;RAVENOL ATF 5/4 HP Fluid - 1 L (VE 12 Stück);1 L;
1212104-004-01-999;6.07;8;9;RAVENOL ATF 5/4 HP Fluid - 4 L (VE 4 Stück);4 L;
1212104-B20-01-888;5.79;8;9;RAVENOL ATF 5/4 HP Fluid - 20 L Bag in Box;bag;
1211112-001-01-999;7.16;8;9;RAVENOL ATF 6 HP Fluid - 1 L (VE 12 Stück);1 L;
1211112-004-01-999;6.85;8;9;RAVENOL ATF 6 HP Fluid - 4 L (VE 4 Stück);4 L;
1211112-010-01-999;6.65;8;9;RAVENOL ATF 6 HP Fluid - 10 L;plast;
1211112-020-01-999;6.55;8;9;RAVENOL ATF 6 HP Fluid - 20 L;plast;
1211112-B20-01-888;6.55;8;9;RAVENOL ATF 6 HP Fluid - 20 L Bag in Box;bag;
1211124-001-01-999;9.8;8;9;RAVENOL ATF 8HP Fluid - 1 L (VE 12 Stück);1 L;
1211124-004-01-999;9.6;8;9;RAVENOL ATF 8HP Fluid - 4 L (VE 4 Stück);4 L;
1211124-010-01-999;9.3;8;9;RAVENOL ATF 8HP Fluid - 10 L;plast;
1211124-020-01-999;9.3;8;9;RAVENOL ATF 8HP Fluid - 20 L;plast;
1211124-B20-01-888;8.9;8;9;RAVENOL ATF 8HP Fluid - 20 L Bag in Box;bag;
1212102-001-01-999;6.39;8;9;RAVENOL ATF T-IV Fluid - 1 L (VE 12 Stück);1 L;
1212102-004-01-999;6.09;8;9;RAVENOL ATF T-IV Fluid - 4 L (VE 4 Stück);4 L;
1212102-010-01-999;5.89;8;9;RAVENOL ATF T-IV Fluid - 10 L;plast;
1212102-020-01-999;5.79;8;9;RAVENOL ATF T-IV Fluid - 20 L;plast;
1212102-B20-01-888;5.75;8;9;RAVENOL ATF T-IV Fluid - 20 L Bag in Box;bag;
1211106-001-01-999;7.09;8;9;RAVENOL ATF T-WS Lifetime - 1 L (VE 12 Stück);1 L;
1211106-004-01-999;6.89;8;9;RAVENOL ATF T-WS Lifetime - 4 L (VE 4 Stück);4 L;
1211106-020-01-999;6.59;8;9;RAVENOL ATF T-WS Lifetime - 20 L;plast;
1211106-B20-01-888;6.54;8;9;RAVENOL ATF T-WS Lifetime - 20 L Bag in Box;bag;
1211109-001-01-999;6.99;8;9;RAVENOL ATF Type Z1 Fluid - 1 L (VE 12 Stück);1 L;
1211107-001-01-999;7.29;8;9;RAVENOL ATF SP-IV Fluid - 1 L (VE 12 Stück);1 L;
1211107-B20-01-888;6.59;8;9;RAVENOL ATF SP-IV Fluid - 20 L Bag in Box;bag;
1211138-001-01-999;6.99;8;9;RAVENOL ATF SP-IV RR - 1 L (VE 12 Stück);1 L;
1211138-004-01-999;6.8;8;9;RAVENOL ATF SP-IV RR - 4 L (VE 4 Stück);4 L;
1211138-020-01-999;6.49;8;9;RAVENOL ATF SP-IV RR - 20 L;plast;
1211138-B20-01-888;6.49;8;9;RAVENOL ATF SP-IV RR - 20 L Bag in Box;bag;
1212103-001-01-999;6.29;8;9;RAVENOL ATF MM SP-III Fluid - 1 L (VE 12 Stück);1 L;
1212103-B20-01-888;5.69;8;9;RAVENOL ATF MM SP-III Fluid - 20 L Bag in Box;bag;
1211126-001-01-999;8.89;8;9;RAVENOL ATF MM-PA Fluid - 1 L (VE 12 Stück);1 L;
1211118-001-01-999;7.99;8;9;RAVENOL ATF JF405E - 1 L (VE 12 Stück);1 L;
1211118-010-01-999;6.99;8;9;RAVENOL ATF JF405E - 10 L;plast;
1211118-B20-01-888;6.99;8;9;RAVENOL ATF JF405E - 20 L Bag in Box;bag;
1211119-001-01-999;6.99;8;9;RAVENOL ATF JF506E - 1 L (VE 12 Stück);1 L;
1211121-001-01-999;6.89;8;9;RAVENOL ATF Matic Fluid Type D - 1 L (VE 12 Stück);1 L;
1211122-001-01-999;7.09;8;9;RAVENOL SU5 ATF Fluid - 1 L (VE 12 Stück);1 L;
1211122-004-01-999;6.84;8;9;RAVENOL SU5 ATF Fluid - 4 L (VE 4 Stück);4 L;
1211130-001-01-999;7.39;8;9;RAVENOL ATF FZ - 1 L (VE 12 Stück);1 L;
1211133-001-01-999;5.99;8;9;RAVENOL ATF DSIH 6 - 1 L (VE 12 Stück);1 L;
1211133-B20-01-888;5.59;8;9;RAVENOL ATF DSIH 6 - 20 L Bag in Box;bag;
1211125-001-01-999;6.79;8;9;RAVENOL DW-1 Fluid - 1 L (VE 12 Stück);1 L;0
1211117-001-01-999;6.89;8;9;RAVENOL ATF RED-1 - 1 L (VE 12 Stück);1 L;
1211116-001-01-999;7.99;8;9;RAVENOL ATF BTR 95LE - 1 L (VE 12 Stück);1 L;
1211116-010-01-999;6.99;8;9;RAVENOL ATF BTR 95LE - 10 L;plast;
1211116-B20-01-888;6.99;8;9;RAVENOL ATF BTR 95LE - 20 L Bag in Box;bag;
1211115-001-01-999;7.39;8;9;RAVENOL ATF J2/S Fluid - 1 L (VE 12 Stück);1 L;
1211110-001-01-999;7.79;8;9;RAVENOL CVT Fluid - 1 L (VE 12 Stück);1 L;
1211110-004-01-999;7.49;8;9;RAVENOL CVT Fluid - 4 L (VE 4 Stück);4 L;
1211110-010-01-999;7.09;8;9;RAVENOL CVT Fluid - 10 L;plast;
1211110-B20-01-888;7.04;8;9;RAVENOL CVT Fluid - 20 L Bag in Box;bag;
1211114-001-01-999;7.99;8;9;RAVENOL CVTF NS2/J1 Fluid - 1 L (VE 12 Stück);1 L;
1211114-B20-01-888;7.29;8;9;RAVENOL CVTF NS2/J1 Fluid - 20 L Bag in Box;bag;
1211132-001-01-999;8.79;8;9;RAVENOL CVTF NS3/J4 Fluid - 1 L (VE 12 Stück);1 L;
1211134-001-01-999;8.59;8;9;RAVENOL CVT KFE Fluid - 1 L (VE 12 Stück);1 L;
1211142-001-01-999;11;8;9;RAVENOL CVT HCF-2 Fluid - 1 L (VE 12 Stück);1 L;
1211142-B20-01-888;10;8;9;RAVENOL CVT HCF-2 Fluid - 20 L Bag in Box;bag;
1211108-001-01-999;7.09;8;9;RAVENOL ATF M 9-Serie - 1 L (VE 12 Stück);1 L;
1211108-004-01-999;6.89;8;9;RAVENOL ATF M 9-Serie - 4 L (VE 4 Stück);4 L;
1211108-020-01-999;6.59;8;9;RAVENOL ATF M 9-Serie - 20 L;plast;
1211108-B20-01-888;6.49;8;9;RAVENOL ATF M 9-Serie - 20 L Bag in Box;bag;
1211127-001-01-999;9.09;8;9;RAVENOL ATF M 9-FE Serie - 1 L (VE 12 Stück);1 L;
1211127-004-01-999;8.69;8;9;RAVENOL ATF M 9-FE Serie - 4 L (VE 4 Stück);4 L;
1211127-B20-01-888;8.19;8;9;RAVENOL ATF M 9-FE Serie - 20 L Bag in Box;bag;
1211139-001-01-999;10.79;8;9;RAVENOL ATF M 9-G Serie - 1 L (VE 12 Stück);1 L;
1213102-001-01-999;5.29;8;9;RAVENOL ATF Dexron D II - 1 L (VE 12 Stück);1 L;
1213102-004-01-999;4.99;8;9;RAVENOL ATF Dexron D II - 4 L (VE 4 Stück);4 L;
1212100-001-01-999;6.09;8;9;RAVENOL ATF DEXRON III H - 1 L (VE 12 Stück);1 L;
1212100-B20-01-888;5.69;8;9;RAVENOL ATF DEXRON III H - 20 L Bag in Box;bag;
1211103-001-01-999;11.99;8;9;RAVENOL ATF Dexron II E - 1 L (VE 12 Stück);1 L;
1211105-001-01-999;6.99;8;9;RAVENOL ATF DEXRON VI - 1 L (VE 12 Stück);1 L;
1211105-B20-01-888;6.19;8;9;RAVENOL ATF DEXRON VI - 20 L Bag in Box;bag;
1212101-001-01-999;6.09;8;9;RAVENOL ATF MERCON® V - 1 L (VE 12 Stück);1 L;
1212101-B20-01-888;5.59;8;9;RAVENOL ATF MERCON® V - 20 L Bag in Box;bag;
1211137-001-01-999;6.59;8;9;RAVENOL ATF MERCON® LV Fluid - 1 L (VE 12 Stück);1 L;
1211137-B20-01-888;5.59;8;9;RAVENOL ATF MERCON® LV Fluid - 20 L Bag in Box;bag;
1211100-001-01-999;7.99;8;9;RAVENOL ATF+4 Fluid - 1 L (VE 12 Stück);1 L;
1211100-004-01-999;7.69;8;9;RAVENOL ATF+4 Fluid - 4 L (VE 4 Stück);4 L;
1211100-010-01-999;7.39;8;9;RAVENOL ATF+4 Fluid - 10 L;plast;
1213105-001-01-999;3.5;8;9;RAVENOL ATF Fluid Type F - 1 L (VE 12 Stück);1 L;
1213105-004-01-999;3.3;8;9;RAVENOL ATF Fluid Type F - 4 L (VE 4 Stück);4 L;
1181100-001-01-999;7.19;8;9;RAVENOL SSF Spec. Servolenkung Fluid - 1 L (VE 12 Stück);1 L;
1181100-004-01-999;7.19;8;9;RAVENOL SSF Spec. Servolenkung Fluid - 4 L (VE 4 Stück);4 L;
1181100-010-01-999;7.19;8;9;RAVENOL SSF Spec. Servolenkung Fluid - 10 L;plast;
1181100-B20-01-888;6.59;8;9;RAVENOL SSF Spec. Servolenkung Fluid - 20 L Bag in Box;bag;
1181110-001-01-999;6.69;8;9;RAVENOL LHM PLUS Fluid - 1 L (VE 12 Stück);1 L;
1181110-010-01-999;6.69;8;9;RAVENOL LHM PLUS Fluid - 10 L;plast;
1181110-B20-01-888;6.69;8;9;RAVENOL LHM PLUS Fluid - 20 L Bag in Box;bag;
1181000-001-01-999;6.19;8;9;RAVENOL Hydraulik PSF Fluid - 1 L (VE 12 Stück);1 L;
1181000-010-01-999;6.19;8;9;RAVENOL Hydraulik PSF Fluid - 10 L;plast;
1181000-B20-01-888;6.19;8;9;RAVENOL Hydraulik PSF Fluid - 20 L Bag in Box;bag;
1181002-001-01-999;8.29;8;9;RAVENOL Elektro-Hydraulik E-PSF Fluid - 1 L (VE 12 Stück);1 L;
1211123-001-01-999;7.09;8;9;RAVENOL PSF-Y Fluid - 1 L (VE 12 Stück);1 L;
1211123-B20-01-888;7.09;8;9;RAVENOL PSF-Y Fluid - 20 L Bag in Box;bag;
1211128-001-01-999;10.69;8;9;RAVENOL Transfer Fluid DTF-1 - 1 L (VE 12 Stück);1 L;
1211128-004-01-999;10.69;8;9;RAVENOL Transfer Fluid DTF-1 - 4 L (VE 4 Stück);4;
1211128-010-01-999;10.69;8;9;RAVENOL Transfer Fluid DTF-1 - 10 l;plast;
1211128-020-01-999;10.69;8;9;RAVENOL Transfer Fluid DTF-1 - 20 l;plast;
1211140-001-01-999;10.69;8;9;RAVENOL AWD-H Fluid - 1 L (VE 12 Stück);1 L;
1211140-300-05-999;5.59;8;9;RAVENOL AWD-H Fluid - 300 ml (VE 12 Stück);kartuša;
1211141-001-01-999;14.99;8;9;RAVENOL AWD-TOR Fluid - 1 L (VE 12 Stück);1 L;
1211141-004-01-999;14.99;8;9;RAVENOL AWD-TOR Fluid - 4 L (VE 4 Stück);4;
1211141-020-01-999;14.99;8;9;RAVENOL AWD-TOR Fluid - 20 L;plast;
1211147-001-01-999;14.9;8;9;RAVENOL Transfer Fluid BW 44, 1L;1 L;
1211113-001-01-999;7.09;8;9;RAVENOL DPS Fluid - 1 L (VE 12 Stück);1 L;
1211113-010-01-999;7.09;8;9;RAVENOL DPS Fluid - 10 L;plast;
1211113-B20-01-888;7.09;8;9;RAVENOL DPS Fluid - 20 L Bag in Box;bag;
1181201-001-01-999;7.09;8;9;RAVENOL GHA-F Gearbox Hydraulic Actuator Fluid - 1 L (VE 12 Stück);1 L;
1181201-B20-01-888;7.09;8;9;RAVENOL GHA-F Gearbox Hydraulic Actuator Fluid - 20 L Bag in Box;bag;
1222103-001-01-999;10.79;8;9;RAVENOL MDL Multi-disc locking differentials - 1 L (VE 12 Stück);1 L;
1222103-B20-01-888;10.79;8;9;RAVENOL MDL Multi-disc locking differentials - 20 L (Bag in Box);20;
1221104-001-01-999;7.49;8;9;RAVENOL MTF-3 SAE 75W - 1 L (VE 12 Stück);1 L;
1221104-004-01-999;7.49;8;9;RAVENOL MTF-3 SAE 75W - 4 L (VE 4 Stück);4 L;
1221104-010-01-999;7.49;8;9;RAVENOL MTF-3 SAE 75W - 10 L;plast;
1221104-B20-01-888;6.99;8;9;RAVENOL MTF-3 SAE 75W - 20 L Bag in Box;bag;
1221103-001-01-999;7.39;8;9;RAVENOL MTF-2 SAE 75W-80 - 1 L (VE 12 Stück);1 L;
1221103-004-01-999;7.39;8;9;RAVENOL MTF-2 SAE 75W-80 - 4 L (VE 4 Stück);4 L;
1221103-010-01-999;7.39;8;9;RAVENOL MTF-2 SAE 75W-80 - 10 L;plast;
1221103-B20-01-888;6.99;8;9;RAVENOL MTF-2 SAE 75W-80 - 20 L Bag in Box;bag;
1222100-001-01-999;6.39;8;9;RAVENOL Getriebeoel PSA SAE 75W-80 - 1 L (VE 12 Stück);1 L;
1222100-004-01-999;6.39;8;9;RAVENOL Getriebeoel PSA SAE 75W-80 - 4 L (VE 4 Stück);4 L;
1222100-010-01-999;6.39;8;9;RAVENOL Getriebeoel PSA SAE 75W-80 - 10 L;plast;
1222100-B20-01-888;6.39;8;9;RAVENOL Getriebeoel PSA SAE 75W-80 - 20 L Bag in Box;bag;
1221100-001-01-999;8.09;8;9;RAVENOL SSG Spec Synt LKW Getriebeöl SAE 75W-80 - 1 L (VE 12 Stück);1 L;
1221100-004-01-999;8.09;8;9;RAVENOL SSG Spec Synt LKW Getriebeöl SAE 75W-80 - 4 L (VE 4 Stück);4 L;
1221100-010-01-999;8.09;8;9;RAVENOL SSG Spec Synt LKW Getriebeöl SAE 75W-80 - 10 L;plast;
1221100-B20-01-888;8.09;8;9;RAVENOL SSG Spec Synt LKW Getriebeöl SAE 75W-80 - 20 L Bag in Box;bag;
1221100-D60-01-888;8.09;8;9;RAVENOL SSG Spec Synt LKW Getriebeöl SAE 75W-80 - 60 L;sud;
1221102-001-01-999;7.59;8;9;RAVENOL MTF-1 SAE 75W-85 - 1 L (VE 12 Stück);1 L;
1221102-004-01-999;7.59;8;9;RAVENOL MTF-1 SAE 75W-85 - 4 L (VE 4 Stück);4 L;
1221102-010-01-999;7.59;8;9;RAVENOL MTF-1 SAE 75W-85 - 10 L;plast;
1221102-B20-01-888;6.99;8;9;RAVENOL MTF-1 SAE 75W-85 - 20 L Bag in Box;bag;
1221107-001-01-999;9.59;8;9;RAVENOL DGL SAE 75W-85 GL-5 LS - 1 L (VE 12 Stück);1 L;
1221107-004-01-999;9.59;8;9;RAVENOL DGL SAE 75W-85 GL-5 LS - 4 L (VE 4 Stück);4 L;
1221107-B20-01-888;9.59;8;9;RAVENOL DGL SAE 75W-85 GL-5 LS - 20 L Bag in Box;bag;
1222101-001-01-999;6.39;8;9;RAVENOL Getriebeoel TSG SAE 75W-90 - 1 L (VE 12 Stück);1 L;
1222101-004-01-999;6.39;8;9;RAVENOL Getriebeoel TSG SAE 75W-90 - 4 L (VE 4 Stück);4 L;
1222101-B20-01-888;6.39;8;9;RAVENOL Getriebeoel TSG SAE 75W-90 - 20 L Bag in Box;bag;
1222105-001-01-999;6.59;8;9;RAVENOL Getriebeoel TGO SAE 75W-90 API GL 5 - 1 L (VE 12 Stück);1 L;
1222105-004-01-999;6.59;8;9;RAVENOL Getriebeoel TGO SAE 75W-90 API GL 5 - 4 L (VE 4 Stück);4 L;
1222105-B20-01-888;6.59;8;9;RAVENOL Getriebeoel TGO SAE 75W-90 API GL 5 - 20 L Bag in Box;bag;
1221101-001-01-999;8.59;8;9;RAVENOL VSG SAE 75W-90 - 1 L (VE 12 Stück);1 L;
1221101-004-01-999;8.59;8;9;RAVENOL VSG SAE 75W-90 - 4 L (VE 4 Stück);4 L;
1221101-010-01-999;8.59;8;9;RAVENOL VSG SAE 75W-90 - 10 L;plast;
1221101-B20-01-888;7.79;8;9;RAVENOL VSG SAE 75W-90 - 20 L Bag in Box;bag;
1222102-001-01-999;7.69;8;9;RAVENOL Getriebeoel LS SAE 75W-90 - 1 L (VE 12 Stück);1 L;
1222102-004-01-999;7.69;8;9;RAVENOL Getriebeoel LS SAE 75W-90 - 4 L (VE 4 Stück);4 L;
1222102-010-01-999;7.69;8;9;RAVENOL Getriebeoel LS SAE 75W-90 - 10 L;plast;
1222102-B20-01-888;7.69;8;9;RAVENOL Getriebeoel LS SAE 75W-90 - 20 L Bag in Box;bag;
1145100-001-01-999;9.99;8;9;RAVENOL RHP Racing High Perform. Gear SAE 75W-90 - 1 L (VE 12 Stück);1 L;
1145100-004-01-999;9.99;8;9;RAVENOL RHP Racing High Perform. Gear SAE 75W-90 - 4 L (VE 4 Stück);4 L;
1145100-B20-01-888;9.99;8;9;RAVENOL RHP Racing High Perform. Gear SAE 75W-90 - 20 L Bag in Box;bag;
1221109-001-01-999;12.9;8;9;RAVENOL TDG 75W-110 - 1 L (VE 12 Stück);1 L;
1221109-010-01-999;11.9;8;9;RAVENOL TDG 75W-110 - 10 L;plast;
1221109-020-01-999;11.9;8;9;RAVENOL TDG 75W-110 - 20 L;plast;
1221110-001-01-999;10.59;8;9;RAVENOL Getriebeoel SLS SAE 75W-140 GL 5 LS - 1 L (VE 12 Stück);1 L;
1221110-004-01-999;10.59;8;9;RAVENOL Getriebeoel SLS SAE 75W-140 GL 5 LS - 4 L (VE 4 Stück);4 L;
1221110-010-01-999;10.59;8;9;RAVENOL Getriebeoel SLS SAE 75W-140 GL 5 LS - 10 L;plast;
1221110-B20-01-888;10.59;8;9;RAVENOL Getriebeoel SLS SAE 75W-140 GL 5 LS - 20 L Bag in Box;bag;
1223101-001-01-999;5.19;8;9;RAVENOL Getriebeoel MZG SAE 80W GL-4 - 1 L (VE 12 Stück);1 L;
1223101-004-01-999;5.19;8;9;RAVENOL Getriebeoel MZG SAE 80W GL-4 - 4 L (VE 4 Stück);4 L;
1223101-010-01-999;5.19;8;9;RAVENOL Getriebeoel MZG SAE 80W GL-4 - 10 L;plast;
1223101-B20-01-888;5.19;8;9;RAVENOL Getriebeoel MZG SAE 80W GL-4 - 20 L Bag in Box;bag;
1223201-001-01-999;5.29;8;9;RAVENOL Getriebeoel EPX SAE 80W GL-5 - 1 L (VE 12 Stück);1 L;
1223201-004-01-999;5.29;8;9;RAVENOL Getriebeoel EPX SAE 80W GL-5 - 4 L (VE 4 Stück);4 L;
1223201-010-01-999;5.29;8;9;RAVENOL Getriebeoel EPX SAE 80W GL-5 - 10 L;plast;
1223201-B20-01-888;5.29;8;9;RAVENOL Getriebeoel EPX SAE 80W GL-5 - 20 L Bag in Box;bag;
1223105-001-01-999;5.29;8;9;RAVENOL Getriebeoel MZG SAE 80W-90 GL-4 - 1 L (VE 12 Stück);1 L;
1223105-004-01-999;5.29;8;9;RAVENOL Getriebeoel MZG SAE 80W-90 GL-4 - 4 L (VE 4 Stück);4 L;
1223105-010-01-999;5.29;8;9;RAVENOL Getriebeoel MZG SAE 80W-90 GL-4 - 10 L;plast;
1223105-B20-01-888;5.29;8;9;RAVENOL Getriebeoel MZG SAE 80W-90 GL-4 - 20 L Bag in Box;bag;
1223205-001-01-999;6.29;8;9;RAVENOL Getriebeoel EPX SAE 80W-90 GL-5 - 1 L (VE 12 Stück);1 L;
1223205-004-01-999;6.29;8;9;RAVENOL Getriebeoel EPX SAE 80W-90 GL-5 - 4 L (VE 4 Stück);4 L;
1223205-010-01-999;6.29;8;9;RAVENOL Getriebeoel EPX SAE 80W-90 GL-5 - 10 L;plast;
1223205-B20-01-888;6.29;8;9;RAVENOL Getriebeoel EPX SAE 80W-90 GL-5 - 20 L Bag in Box;bag;
1223305-001-01-999;6.99;8;9;RAVENOL Getriebeoel SLG SAE 80W-90 - 1 L (VE 12 Stück);1 L;
1223305-004-01-999;6.66;8;9;RAVENOL Getriebeoel SLG SAE 80W-90 - 4 L (VE 4 Stück);4 L;
1223305-010-01-999;6.5;8;9;RAVENOL Getriebeoel SLG SAE 80W-90 - 10 L;plast;
1223305-B20-01-888;6.5;8;9;RAVENOL Getriebeoel SLG SAE 80W-90 - 20 L Bag in Box;bag;
1222201-001-01-999;7.39;8;9;RAVENOL Getriebeoel SGO SAE 80W-140 GL-5 - 1 L (VE 12 Stück);1 L;
1222201-004-01-999;7.39;8;9;RAVENOL Getriebeoel SGO SAE 80W-140 GL-5 - 4 L (VE 4 Stück);4 L;
1222201-B20-01-888;7.39;8;9;RAVENOL Getriebeoel SGO SAE 80W-140 GL-5 - 20 L Bag in Box;bag;
1223206-004-01-999;5.99;8;9;RAVENOL Getriebeoel EPX SAE 85W-90 GL-5 - 4 L (VE 4 Stück);4 L;
1223206-B20-01-888;5.69;8;9;RAVENOL Getriebeoel EPX SAE 85W-90 GL-5 - 20 L Bag in Box;bag;
1223301-001-01-999;5.99;8;9;RAVENOL Sperrdiff. Hyp. Getr.öl LS SAE 85W-90 GL-5 - 1 L (VE 12 Stück);1 L;
1223301-004-01-999;5.69;8;9;RAVENOL Sperrdiff. Hyp. Getr.öl LS SAE 85W-90 GL-5 - 4 L (VE 4 Stück); 4 L;
1223301-B20-01-888;5.5;8;9;RAVENOL Sperrdiff. Hyp. Getr.öl LS SAE 85W-90 GL-5 - 20 L Bag in Box;bag;
1223211-001-01-999;6.49;8;9;RAVENOL Getriebeoel EPX SAE 85W-140 GL-5 - 1 L (VE 12 Stück);1 L;
1223211-004-01-999;6.49;8;9;RAVENOL Getriebeoel EPX SAE 85W-140 GL-5 - 4 L (VE 4 Stück);4 L;
1223211-010-01-999;6.49;8;9;RAVENOL Getriebeoel EPX SAE 85W-140 GL-5 - 10 L;plast;
1223211-B20-01-888;6.49;8;9;RAVENOL Getriebeoel EPX SAE 85W-140 GL-5 - 20 L Bag in Box;bag;
1223202-001-01-999;6.29;8;9;RAVENOL Getriebeoel EPX SAE 90W GL-5 - 1 L (VE 12 Stück);1 L;
1223202-004-01-999;6.29;8;9;RAVENOL Getriebeoel EPX SAE 90 GL-5 - 4 L (VE 4 Stück);4 L;
1223202-010-01-999;6.29;8;9;RAVENOL Getriebeoel EPX SAE 90 GL-5 - 10 L;plast;
1223202-B20-01-888;6.29;8;9;RAVENOL Getriebeoel EPX SAE 90 GL-5 - 20 L Bag in Box;bag;
1223302-001-01-999;6.99;8;9;RAVENOL Sperrdiff.-Getr.-Oel LS 90 - 1 L (VE 12 Stück);1 L;
1223302-004-01-999;6.99;8;9;RAVENOL Sperrdiff.-Getr.-Oel LS 90 - 4 L (VE 4 Stück);4 L;
1223302-010-01-999;6.99;8;9;RAVENOL Sperrdiff.-Getr.-Oel LS 90 - 10 L;plast;
1223302-B20-01-888;6.99;8;9;RAVENOL Sperrdiff.-Getr.-Oel LS 90 - 20 L Bag in Box;bag;
1223102-001-01-999;5.99;8;9;RAVENOL Getriebeoel MZG SAE 90 GL-4 - 1 L (VE 12 Stück);1 L;
1223102-004-01-999;5.69;8;9;RAVENOL Getriebeoel MZG SAE 90 GL-4 - 4 L (VE 4 Stück);4 L;
1223102-010-01-999;5.5;8;9;RAVENOL Getriebeoel MZG SAE 90 GL-4 - 10 L;plast;
1223102-B20-01-888;5.5;8;9;RAVENOL Getriebeoel MZG SAE 90 GL-4 - 20 L Bag in Box;bag;
1223210-001-01-999;6.49;8;9;RAVENOL Getriebeoel EPX SAE 140 GL-4/GL-5 - 1 L (VE 12 Stück);1 L;
1223210-004-01-999;6.49;8;9;RAVENOL Getriebeoel EPX SAE 140 GL-4/GL-5 - 4 L (VE 4 Stück);4 L;
1223210-010-01-999;6.49;8;9;RAVENOL Getriebeoel EPX SAE 140 GL-4/GL-5 - 10 L;plast;
1223210-020-01-999;6.49;8;9;RAVENOL Getriebeoel EPX SAE 140 GL-4/GL-5 - 20 L;plast;
1221111-001-01-999;15.99;8;9;RAVENOL Racing Gearoil - 1 L (VE 12 Stück);1 L;
1221111-004-01-999;15.99;8;9;RAVENOL Racing Gearoil - 4 L (VE 4 Stück);4 L;
1221111-B20-01-888;15.99;8;9;RAVENOL Racing Gearoil - 20 L Bag in Box;bag;
1221105-001-01-999;7.79;8;9;RAVENOL STF Synchromesh Transmission Fluid - 1 L (VE 12 Stück);1 L;
1221105-004-01-999;7.79;8;9;RAVENOL STF Synchromesh Transmission Fluid - 4 L (VE 4 Stück);4 L;
1221105-010-01-999;7.79;8;9;RAVENOL STF Synchromesh Transmission Fluid - 10 L;plast;
1221105-B20-01-888;7.79;8;9;RAVENOL STF Synchromesh Transmission Fluid - 20 L Bag in Box;bag;
1182101-001-01-999;8.49;8;9;RAVENOL FORKOIL Ultra Light 2,5W - 1 L (VE 12  Stück);1 L;
1182102-001-01-999;7.19;8;9;RAVENOL FORKOIL Light 5W - 1 L (VE 12  Stück);1 L;
1182104-001-01-999;4.99;8;9;RAVENOL FORKOIL Medium 10W - 1 L (VE 12 Stück);1 L;
1182105-001-01-999;5.19;8;9;RAVENOL FORKOIL Heavy 15W - 1 L (VE 12 Stück);1 L;
1182106-001-01-999;5.59;8;9;RAVENOL FORKOIL Very Heavy 20W - 1 L (VE 12 Stück);1 L;
1340109-090-04-016;2.99;8;9;RAVENOL Kupferpaste - 0,09kg  = 90 g (VE 16 Stück);tuba;
1340107-001-03-000;6.09;8;9;RAVENOL KFZ-Fließfett ZSA - 1 kg (VE 12 Stück);1 kg;
1340107-005-03-000;6.09;8;9;RAVENOL KFZ-Fließfett ZSA - 5 kg (VE 1 Stück);vedro;
1340101-001-03-000;6.09;8;9;RAVENOL Mehrzweckfett OML - 1 kg (VE 12 Stück);1 kg;
1340101-005-03-000;6.09;8;9;RAVENOL Mehrzweckfett OML - 5 kg (VE 1 Stück);vedro;
1340101-400-04-999;2.89;8;9;RAVENOL Mehrzweckfett OML - 0,4kg  = 400 g Kartusche (VE 24 Stück);kartuša;
1340102-001-03-000;6.09;8;9;RAVENOL Mehrzweckfett mit Graphit - 1 kg (VE 12 Stück);1 kg;
1340102-005-03-000;5.99;8;9;RAVENOL Mehrzweckfett mit Graphit - 5 kg (VE 1 Stück);vedro;
1340102-400-04-999;2.99;8;9;RAVENOL Mehrzweckfett mit Graphit - 0,4kg  = 400 g  Kartusche (VE 24 Stück);kartuša;
1340103-001-03-000;2.99;8;9;RAVENOL Mehrzweckfett mit MoS-2 - 1 kg (VE 12 Stück);1 kg;
1340103-005-03-000;6.39;8;9;RAVENOL Mehrzweckfett mit MoS-2 - 5 kg (VE 1 Stück);vedro;
1340103-400-04-999;3.29;8;9;RAVENOL Mehrzweckfett mit MoS-2 - 0,4kg  = 400 g  Kartusche (VE 24 Stück);kartuša;
1340117-001-03-000;3.29;8;9;RAVENOL LKW FETT BLAU - 1 kg (VE 12 Stück);1 kg;
1340117-005-03-000;6.49;8;9;RAVENOL LKW FETT BLAU - 5 kg (VE 1 Stück);vedro;
1340117-400-04-999;3.39;8;9;RAVENOL LKW FETT BLAU - 0,4kg = 400 g Kartusche (VE 24 Stück);kartuša;
1340128-400-04-999;3.99;8;9;RAVENOL Marinefett - 0,4kg  = 400 g Kartusche (VE 24 Stück);kartuša;
1340104-400-04-999;2.99;8;9;RAVENOL Super EP-Langzeitfett - 0,4kg  = 400 g  Kartusche (VE 24 Stück);kartuša;
1350601-001-01-000;5.8;8;9;RAVENOL DOT 4 - 1 L (VE 6 Stück);1 L;
1350601-250-05-000;2.49;8;9;RAVENOL DOT 4 - 0,25L = 250 ml (VE 24 Stück);250 ml;
1350601-500-05-000;3.99;8;9;RAVENOL DOT 4 - 0,5L = 500 ml (VE 12 Stück);500 ml;
1350602-001-01-000;7.9;8;9;RAVENOL DOT 5.1 - 1 L (VE 6 Stück);1 L;
1350604-500-01-000;13.9;8;9;RAVENOL Racing Brake Fluid R 325+ - 0,5 L (VE 12 Stück);500 ml;
1350605-001-01-000;5.99;8;9;RAVENOL DOT 4 LV - 1 L (VE 10 Stück);1 L;
1350131-020-01-999;5.69;8;9;RAVENOL Calibration Fluid 2.5 - 20 L;plast;
1410120-150-01-999;4.39;8;9;RAVENOL HTC Concentrate Protect MB 325.0 - 1,50 L ;1,5 L;
1410122-150-01-999;3.99;8;9;RAVENOL HJC Concentrate Protect FL22 - 1,50 L ;1,5 L;
1410128-150-01-999;4.99;8;9;RAVENOL LGC Concentrate Protect C13 - 1,50 L - ZRUŠENÉ DOPREDAJ;1,5 L;
1410141-150-01-999;4.69;8;9;RAVENOL OTC COLD CLIMATE -60°C Protect C12+ - 1,50 L;1,5 L;
1410125-150-01-999;4.99;8;9;RAVENOL LTC Concentrate Protect C12++ - 1,50 L;1,5 L;
1390201-300-05-000;4.99;8;9;RAVENOL Petrol Performance Optimizer Premium - 0,30 L = 300 ml (VE 12 Stück);300 ml;
1390202-300-05-000;4.99;8;9;RAVENOL Petrol System Cleaner - 0,30 L = 300 ml (VE 12 Stück);300 ml;
1390203-300-05-000;4.99;8;9;RAVENOL Petrol Quality Stabilisator - 0,30 L = 300 ml (VE 12 Stück);300 ml;
1390204-300-05-000;4.49;8;9;RAVENOL Petrol Octane Booster - 0,30 L = 300 ml (VE 12 Stück);300 ml;
1390241-300-05-000;4.99;8;9;RAVENOL Diesel Performance Optimizer Premium - 0,30 L = 300 ml (VE 12 Stück);300 ml;
1390242-300-05-000;4.99;8;9;RAVENOL Diesel Cetane Booster - 0,30 L = 300 ml (VE 12 Stück);300 ml;
1390243-300-05-000;4.99;8;9;RAVENOL Diesel System Cleaner - 0,30 L = 300 ml (VE 12 Stück);300 ml;
1390244-300-05-000;4.99;8;9;RAVENOL Diesel Quality Stabilisator - 0,30 L = 300 ml (VE 12 Stück);300 ml;
1390321-300-05-000;6.99;8;9;RAVENOL Professional Engine Cleaner - 0,30 L = 300 ml (VE 12 Stück);300 ml;
1430220-001-01-000;6.9;8;9;RAVENOL Fließverbesserer - 1 L (VE 12 Stück);1 L;
1360066-005-01-000;2.99;8;9;RAVENOL Velour Reiniger - 5 L (VE 4 Stück);5 L;
1360066-500-05-000;2.99;8;9;RAVENOL Velour Reiniger - 0,5L = 500 ml (VE 12 Stück);500 ml;
1360067-005-01-000;2.99;8;9;RAVENOL Leder Reiniger - 5 L (VE 4 Stück);5 L;
1360067-500-05-000;2.99;8;9;RAVENOL Leder Reiniger - 0,5L = 500 ml (VE 12 Stück);500 ml;
1360060-005-01-000;4.99;8;9;RAVENOL ALUfelgen Reiniger - 5 L (VE 4 Stück);5 L;
1360060-500-05-000;3.99;8;9;RAVENOL ALUfelgen Reiniger - 500 ml (VE 12 Stück);500 ml;
1360025-500-05-000;2.5;8;9;RAVENOL Glasklar - 0,5L = 500 ml (VE 12 Stück);500 ml;
1360059-500-05-000;2.5;8;9;RAVENOL Insekten Entferner - 0,5L = 500 ml (VE 12 Stück);500 ml;
1360005-001-01-000;2.5;8;9;RAVENOL Auto-Shampoo - 1 L (VE 12 Stück);1 L;
1360004-500-05-000;3.99;8;9;RAVENOL Teerentferner - 0,5L = 500 ml (VE 12 Stück);500 ml;
1360033-400-05-000;3.5;8;9;RAVENOL Silikon-Spray - 0,4L = 400 ml (VE 12 Stück);400 ml;
1360034-400-05-000;3.5;8;9;RAVENOL Motorstarter-Spray - 0,4L = 400 ml (VE 12 Stück);400 ml;
1360001-500-05-000;3.5;8;9;RAVENOL Kaltreiniger - 0,5L = 500 ml (VE 12 Stück);500 ml;
1360002-500-05-000;3.99;8;9;RAVENOL Kaltreiniger lösemittelfrei - 0,5L = 500 ml (VE 12 Stück);500 ml;
1360068-500-05-000;2.99;8;9;RAVENOL Bootsreiniger - 0,5L = 500 ml (VE 12 Stück);500 ml;
1360009-400-05-000;2.99;8;9;RAVENOL Rostlöser MoS 2 Spray - 0,4L = 400 ml (VE 12 Stück);400 ml;
1360600-010-01-000;2.2;8;9;RAVENOL Handreiniger - Paste - 10 L;vedro;
1360600-500-05-000;2.5;8;9;RAVENOL Handreiniger - Paste - 500 ml (VE 24 Stück);500 ml;
1370190-001-02-000;23.9;8;9;RAVENOL Teleskopická pumpa na sud 50 - 210 Ltr;1 KS;
1370500-001-02-000;14.9;8;9;Ravenol Putzpapier blau 2-lg. 500Listov/ rolka, 2 rolky v balení;sada ;
1111103-001-01-999;7.99;8;9;RAVENOL EFE Extra Fuel Economy SAE 0W-16 - 1 L (VE 20 Stück);1 L;
1111103-004-01-999;7.99;8;9;RAVENOL EFE Extra Fuel Economy SAE 0W-16 - 4 L (VE 4 Stück);4 L;
1111103-060-01-999;7.99;8;9;RAVENOL EFE Extra Fuel Economy SAE 0W-16 - 60L;sud;
1111103-B20-01-888;7.99;8;9;RAVENOL EFE Extra Fuel Economy SAE 0W-16 - 20L Bag in Box;bag;
1111102-001-01-999;6.79;8;9;RAVENOL Eco Synth ECS SAE 0W-20 - 1 L (VE 20 Stück);1 L;
1111102-004-01-999;6.79;8;9;RAVENOL Eco Synth ECS SAE 0W-20 - 4 L (VE 4 Stück);4 L;
1111102-005-01-A01;4.98;8;9;RAVENOL ECS SAE 0W-20 AKTION 4+1 - 5 L (VE 4 Stück);5 L;
1111102-060-01-999;4.98;8;9;RAVENOL Eco Synth ECS SAE 0W-20 - 60 L;sud;
1111102-B20-01-888;4.98;8;9;RAVENOL Eco Synth ECS SAE 0W-20 - 20 L Bag in Box;bag;
1111105-001-01-999;7.69;8;9;RAVENOL EFS EcoFullSynth. SAE 0W-20 - 1 L (VE 20 Stück);1 L;
1111105-004-01-999;7.69;8;9;RAVENOL EFS EcoFullSynth. SAE 0W-20 - 4 L (VE 4 Stück);4 L;
1111105-060-01-999;7.69;8;9;RAVENOL EFS EcoFullSynth. SAE 0W-20 - 60 L;sud;
1111105-B20-01-888;6.99;8;9;RAVENOL EFS EcoFullSynth. SAE 0W-20 - 20 L Bag in Box;bag;
1111112-001-01-999;7.29;8;9;RAVENOL VSE SAE 0W-20 - 1 L (VE 20 Stück);1 L;
1111112-004-01-999;7.29;8;9;RAVENOL VSE SAE 0W-20 - 4 L (VE 4 Stück);4 L;
1111112-A05-01-999;5.58;8;9;RAVENOL VSE SAE 0W-20 AKTION 4+1 - 5 L (VE 4 Stück);5 L;
1111112-060-01-999;5.58;8;9;RAVENOL VSE SAE 0W-20 - 60 L;sud;
1111112-B20-01-888;5.58;8;9;RAVENOL VSE SAE 0W-20 - 20 L Bag in Box;bag;
1111153-001-01-999;5.99;8;9;RAVENOL RNF SAE 0W-20 - 1 L (VE 20 Stück);1 L;
1111153-004-01-999;5.5;8;9;RAVENOL RNF SAE 0W-20 - 4 L (VE 4 Stück);4 L;
1111153-020-01-999;4.99;8;9;RAVENOL RNF SAE 0W-20 - 20 L;plast;
1111153-060-01-999;4.69;8;9;RAVENOL RNF SAE 0W-20 - 60 L;sud;
1111109-001-01-999;7.69;8;9;RAVENOL DFE SAE 0W-20 - 1 L (VE 20 Stück);1 L;
1111109-004-01-999;7.5;8;9;RAVENOL DFE SAE 0W-20 - 4 L (VE 4 Stück);4 L;
1111109-060-01-999;6.99;8;9;RAVENOL DFE SAE 0W-20 - 60 L;sud;
1111109-B20-01-888;6.99;8;9;RAVENOL DFE SAE 0W-20 - 20 L Bag in Box;bag;
1111113-001-01-999;4.99;8;9;RAVENOL EHS SAE 0W-20 - 1 L (VE 20 Stück);1 L;
1111113-004-01-999;4.69;8;9;RAVENOL EHS SAE 0W-20 - 4 L (VE 4 Stück);4 L;
1111113-060-01-999;3.99;8;9;RAVENOL EHS SAE 0W-20 - 60 L;sud;
1111113-B20-01-888;4.29;8;9;RAVENOL EHS SAE 0W-20 - 20 L Bag in Box;bag;
1111107-001-01-999;7.99;8;9;RAVENOL VSF SAE 0W-30 - 1 L (VE 20 Stück);1 L;
1111107-004-01-999;7.99;8;9;RAVENOL VSF SAE 0W-30 - 4 L (VE 4 Stück);4 L;
1111107-060-01-999;7.99;8;9;RAVENOL VSF SAE 0W-30 - 60 L;sud;
1111107-B20-01-888;6.99;8;9;RAVENOL VSF SAE 0W-30 - 20 L Bag in Box;bag;
1111146-001-01-999;7.49;8;9;RAVENOL FES SAE 0W-30 - 1 L (VE 20 Stück);1 L;
1111146-004-01-999;7.49;8;9;RAVENOL FES SAE 0W-30 - 4 L (VE 4 Stück);4 L;
1111146-060-01-999;7.49;8;9;RAVENOL FES SAE 0W-30 - 60 L;sud;
1111146-B20-01-888;6.99;8;9;RAVENOL FES SAE 0W-30 - 20 L Bag in Box;bag;
1111145-001-01-999;7.19;8;9;RAVENOL SSV Fuel Economy SAE 0W-30 - 1 L (VE 20 Stück);1 L;
1111145-004-01-999;7.19;8;9;RAVENOL SSV Fuel Economy SAE 0W-30 - 4 L (VE 4 Stück);4 L;
1111145-060-01-999;7.19;8;9;RAVENOL SSV Fuel Economy SAE 0W-30 - 60 L;sud;
1111145-B20-01-888;6.49;8;9;RAVENOL SSV Fuel Economy  SAE 0W-30 - 20 L Bag in Box;bag;
1111106-001-01-999;7.99;8;9;RAVENOL VSW SAE 0W-30 - 1 L (VE 20 Stück);1 L;
1111106-004-01-999;7.99;8;9;RAVENOL VSW SAE 0W-30 - 4 L (VE 4 Stück);4 L;
1111106-060-01-999;7.99;8;9;RAVENOL VSW SAE 0W-30 - 60L;sud;
1111106-B20-01-888;7.99;8;9;RAVENOL VSW SAE 0W-30 - 20L Bag in Box;bag;
1111100-001-01-999;7.99;8;9;RAVENOL SSO SAE 0W-30 - 1 L (VE 20 Stück);1 L;
1111100-004-01-999;7.99;8;9;RAVENOL SSO SAE 0W-30 - 4 L (VE 4 Stück);4 L;
1111100-060-01-999;7.99;8;9;RAVENOL SSO SAE 0W-30 - 60 L;sud;
1111100-B20-01-888;7.99;8;9;RAVENOL SSO SAE 0W-30 - 20 L Bag in Box;bag;
1111101-001-01-999;6.99;8;9;RAVENOL WIV II SAE 0W-30 - 1 L (VE 20 Stück);1 L;
1111101-004-01-999;6.99;8;9;RAVENOL WIV II SAE 0W-30 - 4 L (VE 4 Stück);4 L;
1111101-060-01-999;6.99;8;9;RAVENOL WIV II SAE 0W-30 - 60 L;sud;
1111101-B20-01-888;6.99;8;9;RAVENOL WIV II SAE 0W-30 - 20 L Bag in Box;bag;
1111137-001-01-999;8.5;8;9;RAVENOL Arctic Low SAPS ALS SAE 0W-30 - 1 L (VE 20 Stück);1 L;
1111137-004-01-999;8;8;9;RAVENOL Arctic Low SAPS ALS SAE 0W-30 - 4 L (VE 4 Stück);4 L;
1111137-060-01-999;7;8;9;RAVENOL Arctic Low SAPS ALS SAE 0W-30 - 60 L;sud;
1111137-B20-01-888;7;8;9;RAVENOL Arctic Low SAPS ALS SAE 0W-30 - 20 L Bag in Box;bag;
1111138-001-01-999;6.5;8;9;RAVENOL Super Synthetic Hydrocrack SSH SAE 0W-30 - 1 L (VE 20 Stück);1 L;
1111138-004-01-999;6;8;9;RAVENOL Super Synthetic Hydrocrack SSH SAE 0W-30 - 4 L (VE 4 Stück);4 L;
1111138-020-01-999;4.99;8;9;RAVENOL Super Synthetic Hydrocrack SSH SAE 0W-30 - 20 L;plast;
1111108-001-01-999;7.99;8;9;RAVENOL Super Synthetik Öl SSL SAE 0W-40 - 1 L (VE 20 Stück);1 L;
1111108-004-01-999;7.69;8;9;RAVENOL Super Synthetik Öl SSL SAE 0W-40 - 4 L (VE 4 Stück);4 L;
1111108-B20-01-888;6.99;8;9;RAVENOL Super Synthetik Öl SSL SAE 0W-40 - 20 L Bag in Box;bag;
1111127-001-01-909;4.99;8;9;RAVENOL SHL SAE 0W-40 - 1 L (VE 20 Stück);1 L;
1111127-004-01-999;4.89;8;9;RAVENOL SHL SAE 0W-40 - 4 L (VE 4 Stück);4 L;
1111127-B20-01-888;4.49;8;9;RAVENOL SHL SAE 0W-40 - 20 L Bag in Box;bag;
1111104-001-01-999;7.99;8;9;RAVENOL High Fuel Economy HFE SAE 5W-16 - 1 L (VE 20 Stück);1 L;
1111104-004-01-999;7.99;8;9;RAVENOL High Fuel Economy HFE SAE 5W-16 - 4L (VE 4 Stück);4 L;
1111104-020-01-999;7.99;8;9;RAVENOL High Fuel Economy HFE SAE 5W-16 - 20 L;bag;
1111110-001-01-999;7.19;8;9;RAVENOL Super Fuel Economy SFE SAE 5W-20 - 1 L (VE 20 Stück);1 L;
1111110-004-01-999;7.19;8;9;RAVENOL Super Fuel Economy SFE SAE 5W-20 - 4 L (VE 4 Stück);4 L;
1111110-005-01-A01;5.18;8;9;RAVENOL SFE SAE 5W-20 AKTION 4+1 - 5 L (VE 4 Stück);5 L;
1111110-060-01-999;5.18;8;9;RAVENOL Super Fuel Economy SFE SAE 5W-20 - 60 L;sud;
1111110-B20-01-888;6.49;8;9;RAVENOL Super Fuel Economy SFE SAE 5W-20 - 20 L Bag in Box;bag;
1111111-001-01-999;4.99;8;9;RAVENOL GFE SAE 5W-20 - 1 L (VE 20 Stück);1 L;
1111111-004-01-999;4.89;8;9;RAVENOL GFE SAE 5W-20 - 4 L (VE 4 Stück);4 L;
1111111-B20-01-888;4.49;8;9;RAVENOL GFE SAE 5W-20 - 20 L Bag in Box;bag;
1111311-001-01-999;5.99;8;9;RAVENOL VFE SAE 5W-20 - 1 L (VE 20 Stück);1 L;
1111311-004-01-999;5.5;8;9;RAVENOL VFE SAE 5W-20 - 4 L (VE 4 Stück);4 L;
1111311-B20-01-888;5.5;8;9;RAVENOL VFE SAE 5W-20 - 20 L Bag in Box;bag;
1111122-001-01-999;7.19;8;9;RAVENOL VMP SAE 5W-30 - 1 L (VE 20 Stück);1 L;
1111122-004-01-999;7.19;8;9;RAVENOL VMP SAE 5W-30 - 4 L (VE 4 Stück);4 L;
1111122-005-01-A01;5.58;8;9;RAVENOL VMP SAE 5W-30 - AKTION 4+1 - 5 L (VE 4 Stück);5 L;
1111122-060-01-999;5.58;8;9;RAVENOL VMP SAE 5W-30 - 60 L;sud;
1111122-B20-01-888;5.58;8;9;RAVENOL VMP SAE 5W-30 - 20 L Bag in Box;bag;
1111126-001-01-999;5.95;8;9;RAVENOL SMP SAE 5W-30 - 1 L (VE 20 Stück);1 L;
1111126-004-01-999;5.49;8;9;RAVENOL SMP SAE 5W-30 - 4 L (VE 4 Stück);4 L;
1111126-005-01-999;5.49;8;9;RAVENOL SMP SAE 5W-30 - 5 L (VE 4 Stück);5 L;
1111126-060-01-999;4.69;8;9;RAVENOL SMP SAE 5W-30 - 60 L;sud;
1111126-B20-01-888;4.69;8;9;RAVENOL SMP SAE 5W-30 - 20 L Bag in Box;bag;
1111139-001-01-999;6.29;8;9;RAVENOL FDS SAE 5W-30 - 1 L (VE 20 Stück);1 L;
1111139-005-01-A01;4.58;8;9;RAVENOL FDS SAE 5W-30 - AKTION 4+1 - 5 L (VE 4 Stück);5 L;
1111139-020-01-999;5.69;8;9;RAVENOL FDS SAE 5W-30 - 20 L;plast;
1111139-060-01-999;5.69;8;9;RAVENOL FDS SAE 5W-30 - 60 L;sud;
1111139-B20-01-888;5.69;8;9;RAVENOL FDS SAE 5W-30 - 20 L Bag in Box;bag;
1111123-001-01-999;5.99;8;9;RAVENOL FEL SAE 5W-30 - 1 L (VE 20 Stück);1 L;
1111123-004-01-999;5.59;8;9;RAVENOL FEL SAE 5W-30 - 4 L (VE 4 Stück);4 L;
1111123-060-01-999;5.59;8;9;RAVENOL FEL SAE 5W-30 - 60 L;sud;
1111123-B20-01-888;4.99;8;9;RAVENOL FEL SAE 5W-30 - 20 L Bag in Box;bag;
1111143-001-01-999;6.39;8;9;RAVENOL FLJ SAE 5W-30 - 1 L (VE 20 Stück);1 L;
1111143-004-01-999;6.39;8;9;RAVENOL FLJ SAE 5W-30 - 4 L (VE 4 Stück);4 L;
1111143-020-01-999;5.79;8;9;RAVENOL FLJ SAE 5W-30 - 20 L;plast;
1111143-060-01-999;5.79;8;9;RAVENOL FLJ SAE 5W-30 - 60 L;sud;
1111143-B20-01-888;5.79;8;9;RAVENOL FLJ SAE 5W-30 - 20 L Bag in Box;bag;
1111144-001-01-999;6.39;8;9;RAVENOL VMS SAE 5W-30 - 1 L (VE 20 Stück);1 L;
1111144-004-01-999;6.39;8;9;RAVENOL VMS SAE 5W-30 - 4 L (VE 4 Stück);4 L;
1111144-060-01-999;6.39;8;9;RAVENOL VMS SAE 5W-30 - 60 L;sud;
1111144-B20-01-888;6.39;8;9;RAVENOL VMS SAE 5W-30 - 20 L Bag in Box;bag;
1111124-001-01-999;6.69;8;9;RAVENOL DXG SAE 5W-30 - 1 L (VE 20 Stück);1 L;
1111124-004-01-999;6.69;8;9;RAVENOL DXG SAE 5W-30 - 4 L (VE 4 Stück);4 L;
1111124-060-01-999;6.69;8;9;RAVENOL DXG SAE 5W-30 - 60 L;sud;
1111124-B20-01-888;6.69;8;9;RAVENOL DXG SAE 5W-30 - 20 L Bag in Box;bag;
1111115-001-01-999;4.99;8;9;RAVENOL FO SAE 5W-30 - 1 L (VE 20 Stück);1 L;
1111115-004-01-999;4.59;8;9;RAVENOL FO SAE 5W-30 - 4 L (VE 4 Stück);4 L;
1111115-060-01-999;4.59;8;9;RAVENOL FO SAE 5W-30 - 60 L;sud;
1111115-B20-01-888;4.59;8;9;RAVENOL FO SAE 5W-30 - 20 L Bag in Box;bag;
1111121-001-01-999;6.29;8;9;RAVENOL HDS Hydrocrack Diesel Specific 5W-30 - 1 L (VE 20 Stück);1 L;
1111121-005-01-999;5.99;8;9;RAVENOL HDS Hydrocrack Diesel Specific 5W-30 - 5 L (VE 4 Stück);5 L;
1111121-060-01-999;5.99;8;9;RAVENOL HDS Hydrocrack Diesel Specific 5W-30 - 60 L;sud;
1111121-B20-01-888;5.99;8;9;RAVENOL HDS Hydrocrack Diesel Specific 5W-30 - 20 L Bag in Box;bag;
1111119-001-01-999;5.59;8;9;RAVENOL HLS SAE 5W-30 - 1 L (VE 20 Stück);1 L;
1111119-004-01-999;5.59;8;9;RAVENOL HLS SAE 5W-30 - 4 L (VE 4 Stück);4 L;
1111119-060-01-999;5.59;8;9;RAVENOL HLS SAE 5W-30 - 60 L;sud;
1111119-B20-01-888;5.59;8;9;RAVENOL HLS SAE 5W-30 - 20 L Bag in Box;bag;
1111125-001-01-999;5.99;8;9;RAVENOL HDX SAE 5W-30 - 1 L (VE 20 Stück);1 L;
1111125-004-01-999;5.5;8;9;RAVENOL HDX SAE 5W-30 - 4 L (VE 4 Stück);4 L;
1111125-060-01-999;5.5;8;9;RAVENOL HDX SAE 5W-30 - 60 L;sud;
1111125-B20-01-888;5.5;8;9;RAVENOL HDX SAE 5W-30 - 20 L Bag in Box;bag;
1111114-001-01-999;5.99;8;9;RAVENOL RNV SAE 5W-30 - 1 L (VE 20 Stück);1 L;
1111114-004-01-999;5.99;8;9;RAVENOL RNV SAE 5W-30 - 4 L (VE 4 Stück);4 L;
1111114-060-01-999;5.99;8;9;RAVENOL RNV SAE 5W-30 - 60 L;sud;
1111114-B20-01-888;5.99;8;9;RAVENOL RNV SAE 5W-30 - 20 L Bag in Box;bag;
1141088-001-01-999;8.99;8;9;RAVENOL REP Racing Extra Performance SAE 5W-30 - 1 L (VE 20 Stück);1 L;
1141088-004-01-999;8.99;8;9;RAVENOL REP Racing Extra Performance SAE 5W-30 - 4 L (VE 4 Stück);4 L;
1141088-060-01-999;8.99;8;9;RAVENOL REP Racing Extra Performance SAE 5W-30 - 60 L;sud;
1141088-B20-01-888;8.99;8;9;RAVENOL REP Racing Extra Performance SAE 5W-30 - 20 L Bag in Box;bag;
1141089-001-01-999;9.8;8;9;RAVENOL RSP Racing Super Performance SAE 5W-30 - 1 L (VE 20 Stück);1 L;
1141089-004-01-999;8.99;8;9;RAVENOL RSP Racing Super Performance SAE 5W-30 - 4 L (VE 4 Stück);4 L;
1141089-060-01-999;8.5;8;9;RAVENOL RSP Racing Super Performance SAE 5W-30 - 60 L;sud;
1141089-B20-01-888;8.5;8;9;RAVENOL RSP Racing Super Performance SAE 5W-30 - 20 L Bag in Box;bag;
1111118-001-01-999;5.5;8;9;RAVENOL HCL SAE 5W-30 - 1 L (VE 20 Stück);1 L;
1111118-004-01-999;5.3;8;9;RAVENOL HCL SAE 5W-30 - 4 L (VE 4 Stück);4 L;
1111118-060-01-999;4.99;8;9;RAVENOL HCL SAE 5W-30 - 60 L;sud;
1111118-B20-01-888;4.99;8;9;RAVENOL HCL SAE 5W-30 - 20 L Bag in Box;bag;
1111117-001-01-999;4.99;8;9;RAVENOL HPS SAE 5W-30 - 1 L (VE 20 Stück);1 L;
1111117-004-01-999;4.79;8;9;RAVENOL HPS SAE 5W-30 - 4 L (VE 4 Stück);4 L;
1111117-060-01-999;3.99;8;9;RAVENOL HPS SAE 5W-30 - 60 L;sud;
1111117-B20-01-888;3.99;8;9;RAVENOL HPS SAE 5W-30 - 20 L Bag in Box;bag;
1111151-001-01-999;4.99;8;9;RAVENOL SMO SAE 5W-30 - 1 L (VE 20 Stück);1 L;
1111151-004-01-999;4.79;8;9;RAVENOL SMO SAE 5W-30 - 4 L (VE 4 Stück);4 L;
1111151-060-01-999;3.99;8;9;RAVENOL SMO SAE 5W-30 - 60 L;sud;
1111151-B20-01-888;3.99;8;9;RAVENOL SMO SAE 5W-30 - 20 L Bag in Box;bag;
1111312-001-01-999;5.99;8;9;RAVENOL STS SAE 5W-30 - 1 L (VE 20 Stück);1 L;
1111312-005-01-999;5.5;8;9;RAVENOL STS SAE 5W-30 - 5 L (VE 4 Stück);5 L;
1111312-020-01-999;5.5;8;9;RAVENOL STS SAE 5W-30 - 20 L;sud;
1111312-060-01-999;5.5;8;9;RAVENOL STS SAE 5W-30 - 60 L;bag;
1116101-001-01-999;5.5;8;9;RAVENOL SVE Standard Viscosity Ester Oil SAE 5W-30 - 1 L (VE 20 Stück);1 L;
1116101-005-01-999;5.3;8;9;RAVENOL SVE Standard Viscosity Ester Oil SAE 5W-30 - 5 L (VE 4 Stück);5 L;
1116101-060-01-999;4.99;8;9;RAVENOL SVE Standard Viscosity Ester Oil SAE 5W-30 - 60 L;sud;
1116101-B20-01-888;4.99;8;9;RAVENOL SVE Standard Viscosity Ester Oil SAE 5W-30 - 20 L Bag in Box;bag;
1111120-001-01-999;6.99;8;9;RAVENOL WIV III SAE 5W-30 - 1 L (VE 20 Stück);1 L;
1111120-004-01-999;6.69;8;9;RAVENOL WIV III SAE 5W-30 - 4 L (VE 4 Stück);4 L;
1111120-060-01-999;5.99;8;9;RAVENOL WIV III SAE 5W-30 - 60 L;sud;
1111120-B20-01-888;5.99;8;9;RAVENOL WIV III SAE 5W-30 - 20 L Bag in Box;bag;
1122103-005-01-999;7.5;8;9;RAVENOL NDT Nord Duty Truck SAE 5W-40 - 5 L (VE 4 Stück);5 L;
1122103-060-01-999;7.5;8;9;RAVENOL NDT Nord Duty Truck SAE 5W-40 - 60 L;sud;
1122103-B20-01-888;6.99;8;9;RAVENOL NDT Nord Duty Truck SAE 5W-40 - 20 L Bag in Box;bag;
1141091-001-01-999;8.99;8;9;RAVENOL RUP Racing Ultra Performance SAE 5W-40 - 1 L (VE 20 Stück);1 L;
1141091-004-01-999;8.99;8;9;RAVENOL RUP Racing Ultra Performance SAE 5W-40 - 4 L (VE 4 Stück);4 L;
1141091-060-01-999;8.99;8;9;RAVENOL RUP Racing Ultra Performance SAE 5W-40 - 60 L;sud;
1141091-B20-01-888;8.99;8;9;RAVENOL RUP Racing Ultra Performance SAE 5W-40 - 20 L Bag in Box;bag;
1141090-001-01-999;8.39;8;9;RAVENOL RCS Racing Competition Synto SAE 5W-40 - 1 L (VE 20 Stück);1 L;
1141090-005-01-999;7.99;8;9;RAVENOL RCS Racing Competition Synto SAE 5W-40 - 5 L (VE 4 Stück);5 L;
1141090-060-01-999;7.99;8;9;RAVENOL RCS Racing Competition Synto SAE 5W-40 - 60 L;sud;
1141090-B20-01-888;7.99;8;9;RAVENOL RCS Racing Competition Synto SAE 5W-40 - 20 L Bag in Box;bag;
1111130-001-01-999;5.69;8;9;RAVENOL VSI SAE 5W-40 - 1 L (VE 20 Stück);1 L;
1111130-004-01-999;5.39;8;9;RAVENOL VSI SAE 5W-40 - 4 L (VE 4 Stück);4 L;
1111130-005-01-999;5.39;8;9;RAVENOL VSI SAE 5W-40 - 5 L (VE 4 Stück);5 L;
1111130-060-01-999;5.39;8;9;RAVENOL VSI SAE 5W-40 - 60 L;sud;
1111130-B20-01-888;5.39;8;9;RAVENOL VSI SAE 5W-40 - 20 L Bag in Box;bag;
1111133-001-01-999;5.69;8;9;RAVENOL VMO SAE 5W-40 - 1 L (VE 20 Stück);1 L;
1111133-004-01-999;5.39;8;9;RAVENOL VMO SAE 5W-40 - 4 L (VE 4 Stück);4 L;
1111133-005-01-999;5.39;8;9;RAVENOL VMO SAE 5W-40 - 5 L (VE 4 Stück);5 L;
1111133-060-01-999;4.69;8;9;RAVENOL VMO SAE 5W-40 - 60 L;sud;
1111133-B20-01-888;4.69;8;9;RAVENOL VMO SAE 5W-40 - 20 L Bag in Box;bag;
1111136-001-01-999;6.69;8;9;RAVENOL VollSynth Turbo VST SAE 5W-40 - 1 L (VE 20 Stück);1 L;
1111136-005-01-A01;4.78;8;9;RAVENOL VST SAE 5W-40 AKTION 4+1 - 5 L (VE 4 Stück);5 L;
1111136-060-01-999;4.78;8;9;RAVENOL VollSynth Turbo VST SAE 5W-40 - 60 L;sud;
1111136-B20-01-888;4.78;8;9;RAVENOL VollSynth Turbo VST SAE 5W-40 - 20 L Bag in Box;bag;
1111132-001-01-999;5.9;8;9;RAVENOL VDL SAE 5W-40 - 1 L (VE 20 Stück);1 L;
1111132-004-01-999;5.9;8;9;RAVENOL VDL SAE 5W-40 - 4 L (VE 4 Stück);4 L;
1111132-060-01-999;5.9;8;9;RAVENOL VDL SAE 5W-40 - 60 L;sud;
1111132-B20-01-888;5;8;9;RAVENOL VDL SAE 5W-40 - 20 L Bag in Box;bag;
1131100-001-01-999;5.9;8;9;RAVENOL VEG SAE 5W-40 - 1 L (VE 20 Stück);1 L;
1131100-004-01-999;5.6;8;9;RAVENOL VEG SAE 5W-40 - 4 L (VE 4 Stück);4 L;
1131100-060-01-999;5.5;8;9;RAVENOL VEG SAE 5W-40 - 60 L;sud;
1131100-B20-01-888;5.5;8;9;RAVENOL VEG SAE 5W-40 - 20 L Bag in Box;bag;
1112105-001-01-999;5.5;8;9;RAVENOL HCS SAE 5W-40 - 1 L (VE 20 Stück);1 L;
1112105-004-01-999;5.3;8;9;RAVENOL HCS SAE 5W-40 - 4 L (VE 4 Stück);4 L;
1112105-060-01-999;4.99;8;9;RAVENOL HCS SAE 5W-40 - 60 L;sud;
1112105-B20-01-888;4.99;8;9;RAVENOL HCS SAE 5W-40 - 20 L Bag in Box;bag;
1111147-001-01-999;5.99;8;9;RAVENOL HST SAE 5W-40 - 1 L (VE 20 Stück);1 L;
1111147-004-01-999;5.3;8;9;RAVENOL HST SAE 5W-40 - 4 L (VE 4 Stück);4 L;
1111147-060-01-999;4.99;8;9;RAVENOL HST SAE 5W-40 - 60 L;sud;
1111147-B20-01-888;4.99;8;9;RAVENOL HST SAE 5W-40 - 20 L Bag in Box;bag;
1115100-001-01-999;6.99;8;9;RAVENOL SVS Standard Viscosity Synto Oil SAE 5W-40 - 1 L (VE 20 Stück);1 L;
1115100-005-01-999;6.5;8;9;RAVENOL SVS Standard Viscosity Synto Oil SAE 5W-40 - 5 L (VE 4 Stück);5 L;
1115100-060-01-999;6.5;8;9;RAVENOL SVS Standard Viscosity Synto Oil SAE 5W-40 - 60 L;sud;
1142100-001-01-999;9.49;8;9;RAVENOL RRS SAE 5W-50 - 1 L (VE 20 Stück);1 L;
1142100-004-01-999;9.49;8;9;RAVENOL RRS SAE 5W-50 - 4 L (VE 4 Stück);4 L;
1142100-060-01-999;9.49;8;9;RAVENOL RRS SAE 5W-50 - 60 L;sud;
1142100-B20-01-888;9.49;8;9;RAVENOL RRS SAE 5W-50 - 20 L Bag in Box;bag;
1116102-001-01-999;6.5;8;9;RAVENOL HVT High Viscosity Turbo Oil SAE 5W-50 - 1 L (VE 20 Stück);1 L;
1116102-005-01-999;6.5;8;9;RAVENOL HVT High Viscosity Turbo Oil SAE 5W-50 - 5 L (VE 4 Stück);5 L;
1116102-060-01-999;5.99;8;9;RAVENOL HVT High Viscosity Turbo Oil SAE 5W-50 - 60 L;sud;
1116102-B20-01-888;5.99;8;9;RAVENOL HVT High Viscosity Turbo Oil SAE 5W-50 - 20 L Bag in Box;bag;
1112106-001-01-999;4.49;8;9;RAVENOL TSJ SAE 10W-30 - 1 L (VE 20 Stück);1 L;
1112106-004-01-999;4.49;8;9;RAVENOL TSJ SAE 10W-30 - 4 L (VE 4 Stück);4 L;
1112106-010-01-999;3.69;8;9;RAVENOL TSJ SAE 10W-30 - 10 L;plast;
1112106-060-01-999;3.69;8;9;RAVENOL TSJ SAE 10W-30 - 60 L;sud;
1112106-B20-01-888;3.69;8;9;RAVENOL TSJ SAE 10W-30 - 20 L Bag in Box;bag;
1112110-001-01-999;4.49;8;9;RAVENOL TSi SAE 10W-40 - 1 L (VE 20 Stück);1 L;
1112110-004-01-999;4.29;8;9;RAVENOL TSi SAE 10W-40 - 4 L (VE 4 Stück);4 L;
1112110-005-01-999;4.29;8;9;RAVENOL TSi SAE 10W-40 - 5 L (VE 4 Stück);5 L;
1112110-020-01-999;3.99;8;9;RAVENOL TSi SAE 10W-40 - 20 L;plast;
1112110-060-01-999;3.99;8;9;RAVENOL TSi SAE 10W-40 - 60 L;sud;
1112110-208-01-999;3.99;8;9;RAVENOL TSi SAE 10W-40 - 208 L;sud;
1112110-B20-01-888;3.99;8;9;RAVENOL TSi SAE 10W-40 - 20 L Bag in Box;bag;
1112111-001-01-999;4.99;8;9;RAVENOL DLO SAE 10W-40 - 1 L (VE 20 Stück);1 L;
1112111-004-01-999;4.5;8;9;RAVENOL DLO SAE 10W-40 - 4 L (VE 4 Stück);4 L;
1112111-060-01-999;4.5;8;9;RAVENOL DLO SAE 10W-40 - 60 L;sud;
1112111-B20-01-888;4.5;8;9;RAVENOL DLO SAE 10W-40 - 20 L Bag in Box;bag;
1132100-001-01-999;4.99;8;9;RAVENOL TEG 10W-40 - 1 L (VE 20 Stück);1 L;
1132100-004-01-999;4.29;8;9;RAVENOL TEG 10W-40 - 4 L (VE 4 Stück);4 L;
1132100-060-01-999;3.99;8;9;RAVENOL TEG 10W-40 - 60 L;sud;
1132100-B20-01-888;3.99;8;9;RAVENOL TEG 10W-40 - 20 L Bag in Box;bag;
1112112-001-01-999;4.99;8;9;RAVENOL LLO SAE 10W-40 - 1 L (VE 20 Stück);1 L;
1112112-004-01-999;4.49;8;9;RAVENOL LLO SAE 10W-40 - 4 L (VE 4 Stück);4 L;
1112112-060-01-999;3.59;8;9;RAVENOL LLO SAE 10W-40 - 60 L;sud;
1112112-B20-01-888;3.59;8;9;RAVENOL LLO SAE 10W-40 - 20 L Bag in Box;bag;
1116103-001-01-999;4.5;8;9;RAVENOL SVT Stand. Viscosity Turbo Oil SAE 10W-40 - 1 L (VE 20 Stück);1 L;
1116103-005-01-999;4.3;8;9;RAVENOL SVT Stand. Viscosity Turbo Oil SAE 10W-40 - 5 L (VE 4 Stück);5 L;
1116103-060-01-999;4.1;8;9;RAVENOL SVT Stand. Viscosity Turbo Oil SAE 10W-40 - 60 L;sud;
1116103-B20-01-888;4.1;8;9;RAVENOL SVT Stand. Viscosity Turbo Oil SAE 10W-40 - 20 L Bag in Box;bag;
1141105-001-01-999;8.99;8;9;RAVENOL RSE SAE 10W-50 - 1 L (VE 20 Stück);1 L;
1141105-004-01-999;8.99;8;9;RAVENOL RSE SAE 10W-50 - 4 L (VE 4Stück);4 L;
1141105-060-01-999;8.99;8;9;RAVENOL RSE SAE 10W-50 - 60 L;sud;
1141105-B20-01-888;8.99;8;9;RAVENOL RSE SAE 10W-50 - 20 L Bag in Box;bag;
1115101-001-01-999;6.99;8;9;RAVENOL HVE High Viscosity Ester Oil SAE 10W-50 - 1 L (VE 20 Stück);1 L;
1115101-005-01-999;6.69;8;9;RAVENOL HVE High Viscosity Ester Oil SAE 10W-50 - 5 L (VE 4 Stück);5 L;
1115101-060-01-999;5.99;8;9;RAVENOL HVE High Viscosity Ester Oil SAE 10W-50 - 60 L;sud;
1115101-B20-01-888;5.99;8;9;RAVENOL HVE High Viscosity Ester Oil SAE 10W-50 - 20 L Bag in Box;bag;
1115102-001-01-999;6.99;8;9;RAVENOL HVS High Viscosity Synto Oil SAE 10W-60 - 1 L (VE 20 Stück);1 L;
1115102-005-01-999;6.5;8;9;RAVENOL HVS High Viscosity Synto Oil SAE 10W-60 - 5 L (VE 4 Stück);5 L;
1115102-060-01-999;6.5;8;9;RAVENOL HVS High Viscosity Synto Oil SAE 10W-60 - 60 L;sud;
1115102-B20-01-888;6.5;8;9;RAVENOL HVS High Viscosity Synto Oil SAE 10W-60 - 20 L Bag in Box;bag;
1141100-001-01-999;9.99;8;9;RAVENOL RSS SAE 10W-60 - 1 L (VE 20 Stück);1 L;
1141100-005-01-999;9.49;8;9;RAVENOL RSS SAE 10W-60 - 5 L (VE 4 Stück);5 L;
1141100-060-01-999;9.49;8;9;RAVENOL RSS SAE 10W-60 - 60 L;sud;
1141100-B20-01-888;9.49;8;9;RAVENOL RSS SAE 10W-60 - 20 L Bag in Box;bag;
1142105-001-01-999;8.99;8;9;RAVENOL RFS SAE 15W-50 - 1 L (VE 20 Stück);1 L;
1142105-004-01-999;8.99;8;9;RAVENOL RFS SAE 15W-50 - 4 L (VE 4 Stück);4 L;
1142105-060-01-999;8.99;8;9;RAVENOL RFS SAE 15W-50 - 60 L;sud;
1142105-B20-01-888;8.99;8;9;RAVENOL RFS SAE 15W-50 - 20 L Bag in Box;bag;
1113103-001-01-999;4.59;8;9;RAVENOL Turbo-C HD-C SAE 15W-40 - 1 L (VE 20 Stück);1 L;
1113103-004-01-999;4.19;8;9;RAVENOL Turbo-C HD-C SAE 15W-40 - 4 L (VE 4 Stück);4 L;
1113103-060-01-999;4.19;8;9;RAVENOL Turbo-C HD-C SAE 15W-40 - 60 L;sud;
1113103-B20-01-888;4.19;8;9;RAVENOL Turbo-C HD-C SAE 15W-40 - 20 L Bag in Box;bag;
1113115-001-01-999;4.99;8;9;RAVENOL Formel Super SAE 15W-40 - 1 L (VE 20 Stück);1 L;
1113115-004-01-999;4.69;8;9;RAVENOL Formel Super SAE 15W-40 - 4 L (VE 4 Stück);4 L;
1113115-060-01-999;4.5;8;9;RAVENOL Formel Super SAE 15W-40 - 60 L;sud;
1113115-B20-01-888;4.5;8;9;RAVENOL Formel Super SAE 15W-40 - 20 L Bag in Box;bag;
1116104-001-01-999;5.69;8;9;RAVENOL HVP High Viscosity Perform. Oil SAE 15W-50 - 1 L (VE 20 Stück);1 L;
1116104-005-01-999;5.39;8;9;RAVENOL HVP High Viscosity Perform. Oil SAE 15W-50 - 5 L (VE 4 Stück);5 L;
1116104-060-01-999;4.99;8;9;RAVENOL HVP High Viscosity Perform. Oil SAE 15W-50 - 60 L;sud;
1116104-B20-01-888;4.99;8;9;RAVENOL HVP High Viscosity Perform. Oil SAE 15W-50 - 20 L Bag in Box;bag;
1117100-001-01-999;4.99;8;9;RAVENOL SVP Stand. Viscos. Perform. Oil SAE 15W-40 - 1 L (VE 20 Stück);1 L;
1117100-005-01-999;4.69;8;9;RAVENOL SVP Stand. Viscos. Perform. Oil SAE 15W-40 - 5 L (VE 4 Stück);5 L;
1117100-060-01-999;4.5;8;9;RAVENOL SVP Stand. Viscos. Perform. Oil SAE 15W-40 - 60 L;sud;
1117100-B20-01-888;4.5;8;9;RAVENOL SVP Stand. Viscos. Perform. Oil SAE 15W-40 - 20 L Bag in Box;bag;
1133100-001-01-999;4.99;8;9;RAVENOL MGS SAE 15W-40 - 1 L (VE 20 Stück);1 L;
1133100-004-01-999;4.69;8;9;RAVENOL MGS SAE 15W-40 - 4 L (VE 4 Stück);4 L;
1133100-060-01-999;4.5;8;9;RAVENOL MGS SAE 15W-40 - 60 L;sud;
1133100-B20-01-888;4.5;8;9;RAVENOL MGS SAE 15W-40 - 20 L Bag in Box;bag;
1114110-001-01-999;6.99;8;9;RAVENOL Break-In Oil SAE 20W-50 - 1 L (VE 20 Stück);1 L;
1114110-004-01-999;6.3;8;9;RAVENOL Break-In Oil SAE 20W-50 - 4 L (VE 4 Stück);4 L;
1114110-020-01-999;5.99;8;9;RAVENOL Break-In Oil SAE 20W-50 - 20 L;plast;
1114110-060-01-999;5.99;8;9;RAVENOL Break-In Oil SAE 20W-50 - 60 L;sud;
1113120-001-01-999;4.69;8;9;RAVENOL Formel Extra SAE 20W-50 - 1 L (VE 20 Stück);1 L;
1113120-004-01-999;4.69;8;9;RAVENOL Formel Extra SAE 20W-50 - 4 L (VE 4 Stück);4 L;
1113120-060-01-999;4.69;8;9;RAVENOL Formel Extra SAE 20W-50 - 60 L;sud;
1113120-B20-01-888;4.69;8;9;RAVENOL Formel Extra SAE 20W-50 - 20 L Bag in Box;bag;
1113125-001-01-999;5.5;8;9;RAVENOL TURBO EXTRA SAE 20W-50 - 1 L (VE 20 Stück);1 L;
1113125-004-01-999;5.3;8;9;RAVENOL TURBO EXTRA SAE 20W-50 - 4 L (VE 4 Stück);4 L;
1113125-060-01-999;4.99;8;9;RAVENOL TURBO EXTRA SAE 20W-50 - 60 L;sud;
1113125-B20-01-888;4.99;8;9;RAVENOL TURBO EXTRA SAE 20W-50 - 20 L Bag in Box;bag;
1141101-001-01-999;9.99;8;9;RAVENOL RHV Racing High Viscosity SAE 20W-60 - 1 L (VE 20 Stück);1 L;
1141101-004-01-999;8.99;8;9;RAVENOL RHV Racing High Viscosity SAE 20W-60 - 4 L (VE 4 Stück);4 L;
1141101-060-01-999;8.59;8;9;RAVENOL RHV Racing High Viscosity SAE 20W-60 - 60 L;sud;
1141101-B20-01-888;8.59;8;9;RAVENOL RHV Racing High Viscosity SAE 20W-60 - 20 L Bag in Box;bag;
1113300-001-01-999;4.99;8;9;RAVENOL Super HD 30 - 1 L (VE 20 Stück);1 L;
1113300-004-01-999;4.69;8;9;RAVENOL Super HD 30 - 4 L (VE 4 Stück);4 L;
1113300-060-01-999;4.5;8;9;RAVENOL Super HD 30 - 60 L;sud;
1113300-B20-01-888;4.5;8;9;RAVENOL Super HD 30 - 20 L Bag in Box;bag;
1114105-001-01-999;6.99;8;9;RAVENOL Break-In Oil SAE 30 - 1 L (VE 20 Stück);1 L;
1114105-004-01-999;6.69;8;9;RAVENOL Break-In Oil SAE 30 - 4 L (VE 4 Stück);4 L;
1114105-060-01-999;6.5;8;9;RAVENOL Break-In Oil SAE 30 - 60 L;sud;
1114105-B20-01-888;6.5;8;9;RAVENOL Break-In Oil SAE 30 - 20 L Bag in Box;bag;
1113305-001-01-999;4.99;8;9;RAVENOL Super HD 50 - 1 L (VE 20 Stück);1 L;
1113305-004-01-999;4.69;8;9;RAVENOL Super HD 50 - 4 L (VE 4 Stück);4 L;
1113305-020-01-999;4.5;8;9;RAVENOL Super HD 50 - 20 L;plast;
1118113-001-01-999;6.99;8;9;RAVENOL Oldtimer Classic SAE 30 API SB - 1 L (VE 6 Stück);1 L;
1118113-005-01-999;6.5;8;9;RAVENOL Oldtimer Classic SAE 30 API SB - 5 L (VE 4 Stück);5 L;
1119116-001-01-999;6.99;8;9;RAVENOL Oldtimer 70-er SAE 20W-50 API SE - 1 L (VE 6 Stück);1 L;
1119116-005-01-999;6.5;8;9;RAVENOL Oldtimer 70-er SAE 20W-50 API SE - 5 L (VE 4 Stück);5 L;
