kod;cena za l kartonovy;supplierId;typeid;popis;balenie;kategoria
1211146-001-01-999;10.17;8;9;RAVENOL ATF T-ULV Fluid - 1 L (VE 12 Stück);1 L;AISIN WARNER - 8 RÝCHLOSTNÝ
1211146-004-01-999;9.89;8;9;RAVENOL ATF T-ULV Fluid - 4 L (VE 4 Stück);4 L;
1211146-010-01-999;9.64;8;9;RAVENOL ATF T-ULV Fluid - 10 L;plast;
1211146-B20-01-888;9.54;8;9;RAVENOL ATF T-ULV  Fluid - 20 L Bag in Box;bag;
1211144-001-01-999;5.53;8;9;RAVENOL Multi ATF HVS Fluid - 1 L (VE 12 Stück);1 L;MULTI OLEJ
1211144-004-01-999;4.9;8;9;RAVENOL Multi ATF HVS Fluid - 4 L (VE 4 Stück);4 L;
1211144-010-01-999;4.65;8;9;RAVENOL Multi ATF HVS Fluid - 10 L;plast;
1211144-B20-01-888;4.5;8;9;RAVENOL Multi ATF HVS Fluid - 20 L Bag in Box;bag;
1211145-001-01-999;5.9;8;9;RAVENOL Multi ATF LVS Fluid - 1 L (VE 12 Stück);1 L;MULTI OLEJ
1211145-004-01-999;5.7;8;9;RAVENOL Multi ATF LVS Fluid - 4 L (VE 4 Stück);4 L;
1211145-010-01-999;5.5;8;9;RAVENOL Multi ATF LVS Fluid - 10 L;plast;
1211145-B20-01-888;5.4;8;9;RAVENOL Multi ATF LVS Fluid - 20 L Bag in Box;bag;
1212106-001-01-999;7.99;8;9;RAVENOL DCT/DSG Getriebe Fluid - 1 L (VE 12 Stück);1 L;VW, AUDI, BMW, FORD, VOLVO ...
1212106-004-01-999;7.5;8;9;RAVENOL DCT/DSG Getriebe Fluid - 4 L (VE 4 Stück);4 L;
1212106-010-01-999;7.19;8;9;RAVENOL DCT/DSG Getriebe Fluid - 10 L;plast;
1212106-020-01-999;7.19;8;9;RAVENOL DCT/DSG Getriebe Fluid - 20 L;plast;
1212106-060-01-999;6.99;8;9;RAVENOL DCT/DSG Getriebe Fluid - 60 L;sud;
1212106-B20-01-888;7.19;8;9;RAVENOL DCT/DSG Getriebe Fluid - 20 L Bag in Box;bag;
1211129-001-01-999;24.9;8;9;RAVENOL DCT GT-R Fluid - 1 L (VE 12 Stück);1 L;Nissan GT-R
1211129-004-01-999;23.9;8;9;RAVENOL DCT GT-R Fluid - 4 L (VE 4 Stück);4 L;
1211135-001-01-999;9.9;8;9;RAVENOL ATF DCT-F3 - 1 L (VE 12 Stück);1 L;pre 7DCL750 - MB 236.25
1211135-004-01-999;9.4;8;9;RAVENOL ATF DCT-F3 - 4 L (VE 4 Stück);4 L;
1211131-001-01-999;9.5;8;9;RAVENOL ATF PDK Fluid - 1 L (VE 12 Stück);1 L;PORSCHE PDK
1211131-004-01-999;9.2;8;9;RAVENOL ATF PDK Fluid - 4 L (VE 4 Stück);4 L;
1211131-B20-01-888;8.5;8;9;RAVENOL ATF PDK Fluid - 20 L Bag in Box;bag;
1212104-001-01-999;5.9;8;9;RAVENOL ATF 5/4 HP Fluid - 1 L (VE 12 Stück);1 L;VW   G 052 162 A2
1212104-004-01-999;5.7;8;9;RAVENOL ATF 5/4 HP Fluid - 4 L (VE 4 Stück);4 L;
1212104-010-01-999;5.5;8;9;RAVENOL ATF 5/4 HP Fluid - 10 L;plast;
1212104-020-01-999;5.3;8;9;RAVENOL ATF 5/4 HP Fluid - 20 L;plast;
1212104-060-01-999;5.15;8;9;RAVENOL ATF 5/4 HP Fluid - 60 L;sud;
1212104-B20-01-888;5.3;8;9;RAVENOL ATF 5/4 HP Fluid - 20 L Bag in Box;bag;
1211112-001-01-999;6.7;8;9;RAVENOL ATF 6 HP Fluid - 1 L (VE 12 Stück);1 L;VW   G 055 005 A2
1211112-004-01-999;6.3;8;9;RAVENOL ATF 6 HP Fluid - 4 L (VE 4 Stück);4 L;
1211112-010-01-999;5.99;8;9;RAVENOL ATF 6 HP Fluid - 10 L;plast;
1211112-020-01-999;5.99;8;9;RAVENOL ATF 6 HP Fluid - 20 L;plast;
1211112-060-01-999;5.8;8;9;RAVENOL ATF 6 HP Fluid - 60 L;sud;
1211112-B20-01-888;5.99;8;9;RAVENOL ATF 6 HP Fluid - 20 L Bag in Box;bag;
1211124-001-01-999;8.7;8;9;RAVENOL ATF 8HP Fluid - 1 L (VE 12 Stück);1 L;VW   G 060 162 A2
1211124-004-01-999;8.49;8;9;RAVENOL ATF 8HP Fluid - 4 L (VE 4 Stück);4 L;
1211124-010-01-999;9.4;8;9;RAVENOL ATF 8HP Fluid - 10 L;plast;
1211124-020-01-999;9.4;8;9;RAVENOL ATF 8HP Fluid - 20 L;plast;
1211124-B20-01-888;9.4;8;9;RAVENOL ATF 8HP Fluid - 20 L Bag in Box;bag;
1211102-001-01-999;6.99;8;9;RAVENOL ATF ZMS - 1 L (VE 12 Stück);1 L;ZF ECOMAT LKW
1211102-010-01-999;6.5;8;9;RAVENOL ATF ZMS - 10 L;plast;
1211102-020-01-999;6.4;8;9;RAVENOL ATF ZMS - 20 L;plast;
1211104-010-01-999;5.5;8;9;RAVENOL LKW ATF Synthetik - 10 L;plast;ZF ECOMAT LKW
1211104-020-01-999;5.5;8;9;RAVENOL LKW ATF Synthetik - 20 L;plast;
1211104-060-01-999;5.3;8;9;RAVENOL LKW ATF Synthetik - 60 L;sud;
1211104-208-01-999;4.69;8;9;RAVENOL LKW ATF Synthetik - 208 L;sud;
1212102-001-01-999;6.3;8;9;RAVENOL ATF T-IV Fluid - 1 L (VE 12 Stück);1 L;JWS3317 , VW/AUDI G 055 025 A2
1212102-004-01-999;6.1;8;9;RAVENOL ATF T-IV Fluid - 4 L (VE 4 Stück);4 L;
1212102-010-01-999;5.99;8;9;RAVENOL ATF T-IV Fluid - 10 L;plast;
1212102-020-01-999;5.99;8;9;RAVENOL ATF T-IV Fluid - 20 L;plast;
1212102-B20-01-888;5.99;8;9;RAVENOL ATF T-IV Fluid - 20 L Bag in Box;bag;
1211106-001-01-999;6.99;8;9;RAVENOL ATF T-WS Lifetime - 1 L (VE 12 Stück);1 L;JWS3324,  VW G 055 540 A2
1211106-004-01-999;6.75;8;9;RAVENOL ATF T-WS Lifetime - 4 L (VE 4 Stück);4 L;
1211106-010-01-999;6.2;8;9;RAVENOL ATF T-WS Lifetime - 10 L;plast;
1211106-020-01-999;6.1;8;9;RAVENOL ATF T-WS Lifetime - 20 L;plast;
1211106-B20-01-888;6.1;8;9;RAVENOL ATF T-WS Lifetime - 20 L Bag in Box;bag;
1211109-001-01-999;6.45;8;9;RAVENOL ATF Type Z1 Fluid - 1 L (VE 12 Stück);1 L;ATF HONDA
1211109-004-01-999;6.2;8;9;RAVENOL ATF Type Z1 Fluid - 4 L (VE 4 Stück);4 L;
1211109-010-01-999;5.99;8;9;RAVENOL ATF Type Z1 Fluid - 10 L;plast;
1211109-020-01-999;5.99;8;9;RAVENOL ATF Type Z1 Fluid - 20 L;plast;
1211109-B20-01-888;5.99;8;9;RAVENOL ATF Type Z1 Fluid - 20 L Bag in Box;bag;
1211107-001-01-999;6.99;8;9;RAVENOL ATF SP-IV Fluid - 1 L (VE 12 Stück);1 L;HYUNDAI
1211107-004-01-999;6.69;8;9;RAVENOL ATF SP-IV Fluid - 4 L (VE 4 Stück);4 L;
1211107-010-01-999;6.3;8;9;RAVENOL ATF SP-IV Fluid - 10 L;plast;
1211107-020-01-999;6.2;8;9;RAVENOL ATF SP-IV Fluid - 20 L;plast;
1211107-B20-01-888;6.2;8;9;RAVENOL ATF SP-IV Fluid - 20 L Bag in Box;bag;
1211138-001-01-999;5.9;8;9;RAVENOL ATF SP-IV RR - 1 L (VE 12 Stück);1 L;HYUNDAI - 8 RÝCHLOSTNÝ
1211138-004-01-999;5.5;8;9;RAVENOL ATF SP-IV RR - 4 L (VE 4 Stück);4 L;
1211138-020-01-999;4.99;8;9;RAVENOL ATF SP-IV RR - 20 L;plast;
1211138-B20-01-888;4.99;8;9;RAVENOL ATF SP-IV RR - 20 L Bag in Box;bag;
1212103-001-01-999;6.5;8;9;RAVENOL ATF MM SP-III Fluid - 1 L (VE 12 Stück);1 L;ATF SP-III:  Mitsubishi, Hyundai
1212103-004-01-999;6.3;8;9;RAVENOL ATF MM SP-III Fluid - 4 L (VE 4 Stück);4 L;
1212103-010-01-999;5.99;8;9;RAVENOL ATF MM SP-III Fluid - 10 L;plast;
1212103-020-01-999;5.99;8;9;RAVENOL ATF MM SP-III Fluid - 20 L;plast;
1212103-B20-01-888;5.99;8;9;RAVENOL ATF MM SP-III Fluid - 20 L Bag in Box;bag;
1211126-001-01-999;8.49;8;9;RAVENOL ATF MM-PA Fluid - 1 L (VE 12 Stück);1 L;ATF-PA: Mitsubishi DIA QUEEN 
1211126-010-01-999;7.99;8;9;RAVENOL ATF MM-PA Fluid - 10 L;plast;
1211126-B20-01-888;7.99;8;9;RAVENOL ATF MM-PA Fluid - 20 L Bag in Box;bag;
1211118-001-01-999;5.6;8;9;RAVENOL ATF JF405E - 1 L (VE 12 Stück);1 L;4 RÝCHLOSTNÝ JATCO
1211118-010-01-999;5.3;8;9;RAVENOL ATF JF405E - 10 L;plast;
1211118-B20-01-888;5.3;8;9;RAVENOL ATF JF405E - 20 L Bag in Box;bag;
1211119-001-01-999;6.5;8;9;RAVENOL ATF JF506E - 1 L (VE 12 Stück);1 L;5 RÝCHLOSTNÝ JATCO
1211119-004-01-999;6.3;8;9;RAVENOL ATF JF506E - 4 L (VE 4 Stück);4 L;
1211119-010-01-999;5.99;8;9;RAVENOL ATF JF506E - 10 L;plast;
1211119-B20-01-888;5.99;8;9;RAVENOL ATF JF506E - 20 L Bag in Box;bag;
1211121-001-01-999;6.5;8;9;RAVENOL ATF Matic Fluid Type D - 1 L (VE 12 Stück);1 L;4 a 5 RÝCHLOSTNÝ : Nissan
1211121-010-01-999;5.99;8;9;RAVENOL ATF Matic Fluid Type D - 10 L;plast;
1211121-B20-01-888;5.99;8;9;RAVENOL ATF Matic Fluid Type D - 20 L Bag in Box;bag;
1211122-001-01-999;7.9;8;9;RAVENOL SU5 ATF Fluid - 1 L (VE 12 Stück);1 L;Subaru: 4ATF, 5ATF, ATF HP
1211122-004-01-999;7.5;8;9;RAVENOL SU5 ATF Fluid - 4 L (VE 4 Stück);4 L;
1211122-010-01-999;6.99;8;9;RAVENOL SU5 ATF Fluid - 10 L;plast;
1211122-B20-01-888;6.99;8;9;RAVENOL SU5 ATF Fluid - 20 L Bag in Box;bag;
1211130-001-01-999;6.69;8;9;RAVENOL ATF FZ - 1 L (VE 12 Stück);1 L;Mazda ATF FZ / SKYACTIV
1211130-010-01-999;6.49;8;9;RAVENOL ATF FZ - 10 L;plast;
1211130-B20-01-888;6.49;8;9;RAVENOL ATF FZ - 20 L Bag in Box;bag;
1211133-001-01-999;5.99;8;9;RAVENOL ATF DSIH 6 - 1 L (VE 12 Stück);1 L;SsangYong 
1211133-B20-01-888;5.59;8;9;RAVENOL ATF DSIH 6 - 20 L Bag in Box;bag;
1211125-001-01-999;7.49;8;9;RAVENOL DW-1 Fluid - 1 L (VE 12 Stück);1 L;Honda
1211125-010-01-999;6.99;8;9;RAVENOL DW-1 Fluid - 10 L;plast;
1211125-B20-01-888;6.99;8;9;RAVENOL DW-1 Fluid - 20 L Bag in Box;bag;
1211117-001-01-999;6.99;8;9;RAVENOL ATF RED-1 - 1 L (VE 12 Stück);1 L;A5SR1 a A5SR2 Hyundai / KIA
1211117-010-01-999;6.5;8;9;RAVENOL ATF RED-1 - 10 L;plast;
1211117-B20-01-888;6.5;8;9;RAVENOL ATF RED-1 - 20 L Bag in Box;bag;
1211116-001-01-999;4.9;8;9;RAVENOL ATF BTR 95LE - 1 L (VE 12 Stück);1 L;SsangYong / Maserati / Mitsubishi
1211116-010-01-999;5.6;8;9;RAVENOL ATF BTR 95LE - 10 L;plast;
1211116-B20-01-888;5.6;8;9;RAVENOL ATF BTR 95LE - 20 L Bag in Box;bag;
1211115-001-01-999;6.99;8;9;RAVENOL ATF J2/S Fluid - 1 L (VE 12 Stück);1 L;JATCO: Renault, Nissan,Mitsubishi
1211115-010-01-999;6.7;8;9;RAVENOL ATF J2/S Fluid - 10 L;plast;
1211115-B20-01-888;6.7;8;9;RAVENOL ATF J2/S Fluid - 20 L Bag in Box;bag;
1211110-001-01-999;7.49;8;9;RAVENOL CVT Fluid - 1 L (VE 12 Stück);1 L;VW/AUDI G052180 A1/A2
1211110-004-01-999;7.29;8;9;RAVENOL CVT Fluid - 4 L (VE 4 Stück);4 L;
1211110-010-01-999;6.99;8;9;RAVENOL CVT Fluid - 10 L;plast;
1211110-B20-01-888;6.99;8;9;RAVENOL CVT Fluid - 20 L Bag in Box;bag;
1211114-001-01-999;7.49;8;9;RAVENOL CVTF NS2/J1 Fluid - 1 L (VE 12 Stück);1 L;NISSAN, MITSUBISHI, PSA, SUZUKI 
1211114-010-01-999;6.99;8;9;RAVENOL CVTF NS2/J1 Fluid - 10 L;plast;
1211114-B20-01-888;6.99;8;9;RAVENOL CVTF NS2/J1 Fluid - 20 L Bag in Box;bag;
1211132-001-01-999;8.99;8;9;RAVENOL CVTF NS3/J4 Fluid - 1 L (VE 12 Stück);1 L;NISSAN, MITSUBISHI, SUZUKI 
1211132-010-01-999;7.99;8;9;RAVENOL CVTF NS3/J4 Fluid - 10 L;plast;
1211132-B20-01-888;7.99;8;9;RAVENOL CVTF NS3/J4 Fluid - 20 L Bag in Box;bag;
1211134-001-01-999;7.99;8;9;RAVENOL CVT KFE Fluid - 1 L (VE 12 Stück);1 L;TOYOTA CVT
1211134-B20-01-888;6.99;8;9;RAVENOL CVT KFE Fluid - 20 L Bag in Box;bag;
1211142-001-01-999;9.4;8;9;RAVENOL CVT HCF-2 Fluid - 1 L (VE 12 Stück);1 L;Honda HCF-2
1211142-B20-01-888;8.99;8;9;RAVENOL CVT HCF-2 Fluid - 20 L Bag in Box;bag;
1211108-001-01-999;5.99;8;9;RAVENOL ATF M 9-Serie - 1 L (VE 12 Stück);1 L;MB 236.14
1211108-004-01-999;5.89;8;9;RAVENOL ATF M 9-Serie - 4 L (VE 4 Stück);4 L;
1211108-010-01-999;5.69;8;9;RAVENOL ATF M 9-Serie - 10 L;plast;
1211108-020-01-999;5.69;8;9;RAVENOL ATF M 9-Serie - 20 L;plast;
1211108-B20-01-888;5.69;8;9;RAVENOL ATF M 9-Serie - 20 L Bag in Box;bag;
1211127-001-01-999;7.89;8;9;RAVENOL ATF M 9-FE Serie - 1 L (VE 12 Stück);1 L;MB 236.15
1211127-004-01-999;7.5;8;9;RAVENOL ATF M 9-FE Serie - 4 L (VE 4 Stück);4 L;
1211127-010-01-999;6.99;8;9;RAVENOL ATF M 9-FE Serie - 10 L;plast;
1211127-B20-01-888;6.99;8;9;RAVENOL ATF M 9-FE Serie - 20 L Bag in Box;bag;
1211139-001-01-999;9.9;8;9;RAVENOL ATF M 9-G Serie - 1 L (VE 12 Stück);1 L;MB 236.17
1211139-010-01-999;9.49;8;9;RAVENOL ATF M 9-G Serie - 10 L;plast;
1211139-B20-01-888;9.49;8;9;RAVENOL ATF M 9-G Serie - 20 L Bag in Box;bag;
1213102-001-01-999;4.99;8;9;RAVENOL ATF Dexron D II - 1 L (VE 12 Stück);1 L;GM Dexron®-IID
1213102-004-01-999;4.79;8;9;RAVENOL ATF Dexron D II - 4 L (VE 4 Stück);4 L;
1213102-010-01-999;4.4;8;9;RAVENOL ATF Dexron D II - 10 L;plast;
1213102-060-01-909;4.1;8;9;RAVENOL ATF Dexron D II - 60 L;sud;
1213102-B20-01-888;4.4;8;9;RAVENOL ATF Dexron D II - 20 L Bag in Box;bag;
1212100-001-01-999;5.99;8;9;RAVENOL ATF DEXRON III H - 1 L (VE 12 Stück);1 L;GM Dexron III H
1212100-010-01-999;5.59;8;9;RAVENOL ATF DEXRON III H - 10 L;plast;
1212100-B20-01-888;5.59;8;9;RAVENOL ATF DEXRON III H - 20 L Bag in Box;bag;
1211103-001-01-999;10.99;8;9;RAVENOL ATF Dexron II E - 1 L (VE 12 Stück);1 L;GM Dexron II E, Ford Mercon
1211103-B20-01-888;9.99;8;9;RAVENOL ATF Dexron II E - 20 L Bag in Box;bag;
1211105-001-01-999;6.49;8;9;RAVENOL ATF DEXRON VI - 1 L (VE 12 Stück);1 L;GM Dexron®-VI
1211105-010-01-909;5.99;8;9;RAVENOL ATF DEXRON VI - 10 L;plast;
1211105-B20-01-888;5.99;8;9;RAVENOL ATF DEXRON VI - 20 L Bag in Box;bag;
1212101-001-01-999;5.99;8;9;RAVENOL ATF MERCON® V - 1 L (VE 12 Stück);1 L;MERCON®V, Ford WSS-M2C202-B
1212101-010-01-909;5.5;8;9;RAVENOL ATF MERCON® V - 10 L;plast;
1212101-B20-01-888;5.5;8;9;RAVENOL ATF MERCON® V - 20 L Bag in Box;bag;
1211137-001-01-999;4.7;8;9;RAVENOL ATF MERCON® LV Fluid - 1 L (VE 12 Stück);1 L;PREDTÝM: RAVENOL F-LV
1211137-010-01-999;4.39;8;9;RAVENOL ATF MERCON® LV Fluid - 10 L;plast;
1211137-B20-01-888;4.39;8;9;RAVENOL ATF MERCON® LV Fluid - 20 L Bag in Box;bag;
1213101-001-01-999;3.5;8;9;RAVENOL ATF Fluid - 1 L (VE 12 Stück);1 L;Type A Suffix A (TASA)
1213101-010-01-999;4.19;8;9;RAVENOL ATF Fluid - 10 L;plast;
1213101-B20-01-888;4.19;8;9;RAVENOL ATF Fluid - 20 L Bag in Box;bag;
1211100-001-01-999;6.99;8;9;RAVENOL ATF+4 Fluid - 1 L (VE 12 Stück);1 L;Chrysler, Dodge, Plymouth, Jeep
1211100-004-01-999;6.5;8;9;RAVENOL ATF+4 Fluid - 4 L (VE 4 Stück);4 L;
1211100-010-01-999;5.99;8;9;RAVENOL ATF+4 Fluid - 10 L;plast;
1211100-B20-01-888;5.99;8;9;RAVENOL ATF+4 Fluid - 20 L Bag in Box;bag;
1213105-001-01-999;3.5;8;9;RAVENOL ATF Fluid Type F - 1 L (VE 12 Stück);1 L;FORD Type M2C-33F/G
1213105-004-01-999;3.3;8;9;RAVENOL ATF Fluid Type F - 4 L (VE 4 Stück);4 L;
1213105-010-01-999;2.99;8;9;RAVENOL ATF Fluid Type F - 10 L;plast;
1213105-020-01-909;2.79;8;9;RAVENOL ATF Fluid Type F - 20 L;plast;
1181100-001-01-999;6.3;8;9;RAVENOL SSF Spec. Servolenkung Fluid - 1 L (VE 12 Stück);1 L;VW, FORD, VOLVO , G002 000, G004 000, farba: ZELENÁ
1181100-004-01-999;6.2;8;9;RAVENOL SSF Spec. Servolenkung Fluid - 4 L (VE 4 Stück);4 L;
1181100-010-01-999;5.9;8;9;RAVENOL SSF Spec. Servolenkung Fluid - 10 L;plast;
1181100-B20-01-888;5.6;8;9;RAVENOL SSF Spec. Servolenkung Fluid - 20 L Bag in Box;bag;
1181110-001-01-999;5.5;8;9;RAVENOL LHM PLUS Fluid - 1 L (VE 12 Stück);1 L;PSA , farba: ZELENÁ
1181110-010-01-999;5.2;8;9;RAVENOL LHM PLUS Fluid - 10 L;plast;
1181110-B20-01-888;5.2;8;9;RAVENOL LHM PLUS Fluid - 20 L Bag in Box;bag;
1181000-001-01-999;5.75;8;9;RAVENOL Hydraulik PSF Fluid - 1 L (VE 12 Stück);1 L;PSF-III , farba: ČERVENÁ
1181000-010-01-999;5.5;8;9;RAVENOL Hydraulik PSF Fluid - 10 L;plast;
1181000-B20-01-888;5.5;8;9;RAVENOL Hydraulik PSF Fluid - 20 L Bag in Box;bag;
1181002-001-01-999;7.49;8;9;RAVENOL Elektro-Hydraulik E-PSF Fluid - 1 L (VE 12 Stück);1 L;PSA S71 2710, f: PRIESVITNÁ
1211123-001-01-999;6.99;8;9;RAVENOL PSF-Y Fluid - 1 L (VE 12 Stück);1 L;farba: ŽLTÁ
1211123-B20-01-888;6.5;8;9;RAVENOL PSF-Y Fluid - 20 L Bag in Box;bag;
1211128-001-01-999;9.99;8;9;RAVENOL Transfer Fluid DTF-1 - 1 L (VE 12 Stück);1 L;X-Drive , TF-0870
1211128-004-01-999;9.6;8;9;RAVENOL Transfer Fluid DTF-1 - 4 L (VE 4 Stück);4;
1211128-010-01-999;9.3;8;9;RAVENOL Transfer Fluid DTF-1 - 10 l;plast;
1211128-020-01-999;9.3;8;9;RAVENOL Transfer Fluid DTF-1 - 20 l;plast;
1211140-001-01-999;9.9;8;9;RAVENOL AWD-H Fluid - 1 L (VE 12 Stück);1 L;PRE HALDEX SPOJKY
1211140-300-05-999;5.9;8;9;RAVENOL AWD-H Fluid - 300 ml (VE 12 Stück);kartuša;
1211140-B20-01-888;8.5;8;9;RAVENOL AWD-H Fluid - 20 L Bag in Box;bag;
1211141-001-01-999;13.9;8;9;RAVENOL AWD-TOR Fluid - 1 L (VE 12 Stück);1 L;PRE POHONY TORSEN
1211141-004-01-999;13.2;8;9;RAVENOL AWD-TOR Fluid - 4 L (VE 4 Stück);4;
1211141-020-01-999;12.5;8;9;RAVENOL AWD-TOR Fluid - 20 L;plast;
1211113-001-01-999;6.99;8;9;RAVENOL DPS Fluid - 1 L (VE 12 Stück);1 L;Honda DPSF2 , f: ČERVENÁ
1211113-010-01-999;6.5;8;9;RAVENOL DPS Fluid - 10 L;plast;
1211113-B20-01-888;6.5;8;9;RAVENOL DPS Fluid - 20 L Bag in Box;bag;
1181201-001-01-999;6.65;8;9;RAVENOL GHA-F Gearbox Hydraulic Actuator Fluid - 1 L (VE 12 Stück);1 L;farba: ZELENÁ
1181201-B20-01-888;6.15;8;9;RAVENOL GHA-F Gearbox Hydraulic Actuator Fluid - 20 L Bag in Box;bag;
1222103-001-01-999;9.9;8;9;RAVENOL MDL Multi-disc locking differentials - 1 L (VE 12 Stück);1 L;LAMELOVÉ DIFERENCIÁLY, f: ŽLTÁ
1222103-B20-01-888;9.7;8;9;RAVENOL MDL Multi-disc locking differentials - 20 L (Bag in Box);20;
1221104-001-01-999;7.49;8;9;RAVENOL MTF-3 SAE 75W - 1 L (VE 12 Stück);1 L;VW G 055 532 A2, JWS2271
1221104-004-01-999;7.29;8;9;RAVENOL MTF-3 SAE 75W - 4 L (VE 4 Stück);4 L;
1221104-010-01-999;6.99;8;9;RAVENOL MTF-3 SAE 75W - 10 L;plast;
1221104-B20-01-888;6.99;8;9;RAVENOL MTF-3 SAE 75W - 20 L Bag in Box;bag;
1221103-001-01-999;7.39;8;9;RAVENOL MTF-2 SAE 75W-80 - 1 L (VE 12 Stück);1 L;API GL-4, BMW MTF LT-2
1221103-004-01-999;7.19;8;9;RAVENOL MTF-2 SAE 75W-80 - 4 L (VE 4 Stück);4 L;
1221103-010-01-999;6.99;8;9;RAVENOL MTF-2 SAE 75W-80 - 10 L;plast;
1221103-B20-01-888;6.99;8;9;RAVENOL MTF-2 SAE 75W-80 - 20 L Bag in Box;bag;
1222100-001-01-999;5.3;8;9;RAVENOL Getriebeoel PSA SAE 75W-80 - 1 L (VE 12 Stück);1 L;API GL-4, PSA STANDARD B 71 2315
1222100-004-01-999;5.2;8;9;RAVENOL Getriebeoel PSA SAE 75W-80 - 4 L (VE 4 Stück);4 L;
1222100-010-01-999;4.99;8;9;RAVENOL Getriebeoel PSA SAE 75W-80 - 10 L;plast;
1222100-B20-01-888;4.99;8;9;RAVENOL Getriebeoel PSA SAE 75W-80 - 20 L Bag in Box;bag;
1221100-001-01-999;6.99;8;9;RAVENOL SSG Spec Synt LKW Getriebeöl SAE 75W-80 - 1 L (VE 12 Stück);1 L;API GL-4, DAF, VOLVO
1221100-004-01-999;6.79;8;9;RAVENOL SSG Spec Synt LKW Getriebeöl SAE 75W-80 - 4 L (VE 4 Stück);4 L;
1221100-010-01-999;6.4;8;9;RAVENOL SSG Spec Synt LKW Getriebeöl SAE 75W-80 - 10 L;plast;
1221100-B20-01-888;6.2;8;9;RAVENOL SSG Spec Synt LKW Getriebeöl SAE 75W-80 - 20 L Bag in Box;bag;
1221100-D60-01-888;5.99;8;9;RAVENOL SSG Spec Synt LKW Getriebeöl SAE 75W-80 - 60 L;sud;
1221102-001-01-999;6.99;8;9;RAVENOL MTF-1 SAE 75W-85 - 1 L (VE 12 Stück);1 L;API GL-4, API GL-5
1221102-004-01-999;6.89;8;9;RAVENOL MTF-1 SAE 75W-85 - 4 L (VE 4 Stück);4 L;
1221102-010-01-999;6.6;8;9;RAVENOL MTF-1 SAE 75W-85 - 10 L;plast;
1221102-B20-01-888;6.6;8;9;RAVENOL MTF-1 SAE 75W-85 - 20 L Bag in Box;bag;
1221107-001-01-999;8.5;8;9;RAVENOL DGL SAE 75W-85 GL-5 LS - 1 L (VE 12 Stück);1 L;API GL-5,BMW HYPOID AXLE OIL G1
1221107-004-01-999;8.25;8;9;RAVENOL DGL SAE 75W-85 GL-5 LS - 4 L (VE 4 Stück);4 L;
1221107-010-01-999;7.99;8;9;RAVENOL DGL SAE 75W-85 GL-5 LS - 10 L;plast;
1221107-B20-01-888;7.99;8;9;RAVENOL DGL SAE 75W-85 GL-5 LS - 20 L Bag in Box;bag;
1222101-001-01-999;5.5;8;9;RAVENOL Getriebeoel TSG SAE 75W-90 - 1 L (VE 12 Stück);1 L;API GL-4, VW 501 50 (G50)
1222101-004-01-999;5.3;8;9;RAVENOL Getriebeoel TSG SAE 75W-90 - 4 L (VE 4 Stück);4 L;
1222101-010-01-999;5.2;8;9;RAVENOL Getriebeoel TSG SAE 75W-90 - 10 L;plast;
1222101-B20-01-888;5.2;8;9;RAVENOL Getriebeoel TSG SAE 75W-90 - 20 L Bag in Box;bag;
1222105-001-01-999;5.99;8;9;RAVENOL Getriebeoel TGO SAE 75W-90 API GL 5 - 1 L (VE 12 Stück);1 L; API GL-5
1222105-004-01-999;5.79;8;9;RAVENOL Getriebeoel TGO SAE 75W-90 API GL 5 - 4 L (VE 4 Stück);4 L;
1222105-010-01-999;5.5;8;9;RAVENOL Getriebeoel TGO SAE 75W-90 API GL 5 - 10 L;plast;
1222105-B20-01-888;5.5;8;9;RAVENOL Getriebeoel TGO SAE 75W-90 API GL 5 - 20 L Bag in Box;bag;
1221101-001-01-999;7.49;8;9;RAVENOL VSG SAE 75W-90 - 1 L (VE 12 Stück);1 L;API GL-5 / GL-4 , DIFF.
1221101-004-01-999;7.29;8;9;RAVENOL VSG SAE 75W-90 - 4 L (VE 4 Stück);4 L;
1221101-010-01-999;6.99;8;9;RAVENOL VSG SAE 75W-90 - 10 L;plast;
1221101-B20-01-888;6.99;8;9;RAVENOL VSG SAE 75W-90 - 20 L Bag in Box;bag;
1222102-001-01-999;6.9;8;9;RAVENOL Getriebeoel LS SAE 75W-90 - 1 L (VE 12 Stück);1 L;API GL-5
1222102-004-01-999;6.6;8;9;RAVENOL Getriebeoel LS SAE 75W-90 - 4 L (VE 4 Stück);4 L;
1222102-010-01-999;6.3;8;9;RAVENOL Getriebeoel LS SAE 75W-90 - 10 L;plast;
1222102-B20-01-888;6.3;8;9;RAVENOL Getriebeoel LS SAE 75W-90 - 20 L Bag in Box;bag;
1145100-001-01-999;9.5;8;9;RAVENOL RHP Racing High Perform. Gear SAE 75W-90 - 1 L (VE 12 Stück);1 L;ŠPORT PREVODY
1145100-004-01-999;8.8;8;9;RAVENOL RHP Racing High Perform. Gear SAE 75W-90 - 4 L (VE 4 Stück);4 L;
1145100-B20-01-888;8.5;8;9;RAVENOL RHP Racing High Perform. Gear SAE 75W-90 - 20 L Bag in Box;bag;
1221109-001-01-999;10.9;8;9;RAVENOL TDG 75W-110 - 1 L (VE 12 Stück);1 L;API GL-4, API GL-5, MT-1, LKW
1221109-010-01-999;10.75;8;9;RAVENOL TDG 75W-110 - 10 L;plast;
1221109-020-01-999;10.5;8;9;RAVENOL TDG 75W-110 - 20 L;plast;
1221110-001-01-999;9.25;8;9;RAVENOL Getriebeoel SLS SAE 75W-140 GL 5 LS - 1 L (VE 12 Stück);1 L;API GL-5
1221110-004-01-999;9;8;9;RAVENOL Getriebeoel SLS SAE 75W-140 GL 5 LS - 4 L (VE 4 Stück);4 L;
1221110-010-01-999;8.6;8;9;RAVENOL Getriebeoel SLS SAE 75W-140 GL 5 LS - 10 L;plast;
1221110-B20-01-888;8.6;8;9;RAVENOL Getriebeoel SLS SAE 75W-140 GL 5 LS - 20 L Bag in Box;bag;
1223101-001-01-999;4.49;8;9;RAVENOL Getriebeoel MZG SAE 80W GL-4 - 1 L (VE 12 Stück);1 L;API GL-4
1223101-004-01-999;4.29;8;9;RAVENOL Getriebeoel MZG SAE 80W GL-4 - 4 L (VE 4 Stück);4 L;
1223101-010-01-999;3.99;8;9;RAVENOL Getriebeoel MZG SAE 80W GL-4 - 10 L;plast;
1223101-B20-01-888;2.99;8;9;RAVENOL Getriebeoel MZG SAE 80W GL-4 - 20 L Bag in Box;bag;
1223201-001-01-999;4.3;8;9;RAVENOL Getriebeoel EPX SAE 80W GL-5 - 1 L (VE 12 Stück);1 L;API GL-5
1223201-004-01-999;4.2;8;9;RAVENOL Getriebeoel EPX SAE 80W GL-5 - 4 L (VE 4 Stück);4 L;
1223201-010-01-999;3.99;8;9;RAVENOL Getriebeoel EPX SAE 80W GL-5 - 10 L;plast;
1223201-B20-01-888;3.99;8;9;RAVENOL Getriebeoel EPX SAE 80W GL-5 - 20 L Bag in Box;bag;
1223105-001-01-999;4.99;8;9;RAVENOL Getriebeoel MZG SAE 80W-90 GL-4 - 1 L (VE 12 Stück);1 L;API GL-4
1223105-004-01-999;4.79;8;9;RAVENOL Getriebeoel MZG SAE 80W-90 GL-4 - 4 L (VE 4 Stück);4 L;
1223105-010-01-999;4.2;8;9;RAVENOL Getriebeoel MZG SAE 80W-90 GL-4 - 10 L;plast;
1223105-B20-01-888;4.2;8;9;RAVENOL Getriebeoel MZG SAE 80W-90 GL-4 - 20 L Bag in Box;bag;
1223205-001-01-999;4.3;8;9;RAVENOL Getriebeoel EPX SAE 80W-90 GL-5 - 1 L (VE 12 Stück);1 L;API GL-5
1223205-004-01-999;4.2;8;9;RAVENOL Getriebeoel EPX SAE 80W-90 GL-5 - 4 L (VE 4 Stück);4 L;
1223205-010-01-999;3.99;8;9;RAVENOL Getriebeoel EPX SAE 80W-90 GL-5 - 10 L;plast;
1223205-B20-01-888;3.99;8;9;RAVENOL Getriebeoel EPX SAE 80W-90 GL-5 - 20 L Bag in Box;bag;
1223305-001-01-999;4.99;8;9;RAVENOL Getriebeoel SLG SAE 80W-90 - 1 L (VE 12 Stück);1 L;API GL-3, API GL-4, API GL-5, MT-1
1223305-004-01-999;4.79;8;9;RAVENOL Getriebeoel SLG SAE 80W-90 - 4 L (VE 4 Stück);4 L;LKW
1223305-010-01-999;4.2;8;9;RAVENOL Getriebeoel SLG SAE 80W-90 - 10 L;plast;
1223305-B20-01-888;4.2;8;9;RAVENOL Getriebeoel SLG SAE 80W-90 - 20 L Bag in Box;bag;
1222201-001-01-999;6.5;8;9;RAVENOL Getriebeoel SGO SAE 80W-140 GL-5 - 1 L (VE 12 Stück);1 L; API GL-5
1222201-004-01-999;6.3;8;9;RAVENOL Getriebeoel SGO SAE 80W-140 GL-5 - 4 L (VE 4 Stück);4 L;
1222201-B20-01-888;5.99;8;9;RAVENOL Getriebeoel SGO SAE 80W-140 GL-5 - 20 L Bag in Box;bag;
1223206-004-01-999;3.95;8;9;RAVENOL Getriebeoel EPX SAE 85W-90 GL-5 - 4 L (VE 4 Stück);4 L; API GL-5, LKW
1223206-B20-01-888;3.65;8;9;RAVENOL Getriebeoel EPX SAE 85W-90 GL-5 - 20 L Bag in Box;bag;
1223301-001-01-999;5.6;8;9;RAVENOL Sperrdiff. Hyp. Getr.öl LS SAE 85W-90 GL-5 - 1 L (VE 12 Stück);1 L; API GL-5, LKW
1223301-004-01-999;5.5;8;9;RAVENOL Sperrdiff. Hyp. Getr.öl LS SAE 85W-90 GL-5 - 4 L (VE 4 Stück); 4 L;
1223301-B20-01-888;4.99;8;9;RAVENOL Sperrdiff. Hyp. Getr.öl LS SAE 85W-90 GL-5 - 20 L Bag in Box;bag;
1223211-001-01-999;4.99;8;9;RAVENOL Getriebeoel EPX SAE 85W-140 GL-5 - 1 L (VE 12 Stück);1 L; API GL-5
1223211-004-01-999;4.79;8;9;RAVENOL Getriebeoel EPX SAE 85W-140 GL-5 - 4 L (VE 4 Stück);4 L;
1223211-010-01-999;4.2;8;9;RAVENOL Getriebeoel EPX SAE 85W-140 GL-5 - 10 L;plast;
1223211-B20-01-888;4.2;8;9;RAVENOL Getriebeoel EPX SAE 85W-140 GL-5 - 20 L Bag in Box;bag;
1223202-001-01-999;4.3;8;9;RAVENOL Getriebeoel EPX SAE 90W GL-5 - 1 L (VE 12 Stück);1 L; API GL-5
1223202-004-01-999;4.2;8;9;RAVENOL Getriebeoel EPX SAE 90 GL-5 - 4 L (VE 4 Stück);4 L;
1223202-010-01-999;3.99;8;9;RAVENOL Getriebeoel EPX SAE 90 GL-5 - 10 L;plast;
1223202-B20-01-888;3.99;8;9;RAVENOL Getriebeoel EPX SAE 90 GL-5 - 20 L Bag in Box;bag;
1223302-001-01-999;5.5;8;9;RAVENOL Sperrdiff.-Getr.-Oel LS 90 - 1 L (VE 12 Stück);1 L; API GL-5
1223302-004-01-999;5.5;8;9;RAVENOL Sperrdiff.-Getr.-Oel LS 90 - 4 L (VE 4 Stück);4 L;
1223302-010-01-999;5.1;8;9;RAVENOL Sperrdiff.-Getr.-Oel LS 90 - 10 L;plast;
1223302-B20-01-888;5.1;8;9;RAVENOL Sperrdiff.-Getr.-Oel LS 90 - 20 L Bag in Box;bag;
1223102-001-01-999;4.99;8;9;RAVENOL Getriebeoel MZG SAE 90 GL-4 - 1 L (VE 12 Stück);1 L; API GL-4
1223102-004-01-999;4.79;8;9;RAVENOL Getriebeoel MZG SAE 90 GL-4 - 4 L (VE 4 Stück);4 L;
1223102-010-01-999;4.2;8;9;RAVENOL Getriebeoel MZG SAE 90 GL-4 - 10 L;plast;
1223102-B20-01-888;4.2;8;9;RAVENOL Getriebeoel MZG SAE 90 GL-4 - 20 L Bag in Box;bag;
1223210-001-01-999;4.99;8;9;RAVENOL Getriebeoel EPX SAE 140 GL-4/GL-5 - 1 L (VE 12 Stück);1 L;API GL-5, API GL-4
1223210-004-01-999;4.79;8;9;RAVENOL Getriebeoel EPX SAE 140 GL-4/GL-5 - 4 L (VE 4 Stück);4 L;
1223210-010-01-999;4.2;8;9;RAVENOL Getriebeoel EPX SAE 140 GL-4/GL-5 - 10 L;plast;
1223210-020-01-999;4.2;8;9;RAVENOL Getriebeoel EPX SAE 140 GL-4/GL-5 - 20 L;plast;
1221111-001-01-999;13.9;8;9;RAVENOL Racing Gearoil - 1 L (VE 12 Stück);1 L;API GL-5, DREXLER DIFF.
1221111-004-01-999;12.9;8;9;RAVENOL Racing Gearoil - 4 L (VE 4 Stück);4 L;
1221111-B20-01-888;12.5;8;9;RAVENOL Racing Gearoil - 20 L Bag in Box;bag;
1221105-001-01-999;8.59;8;9;RAVENOL STF Synchromesh Transmission Fluid - 1 L (VE 12 Stück);1 L;GENERAL MOTORS DIFF.
1221105-004-01-999;8.39;8;9;RAVENOL STF Synchromesh Transmission Fluid - 4 L (VE 4 Stück);4 L;
1221105-010-01-999;7.99;8;9;RAVENOL STF Synchromesh Transmission Fluid - 10 L;plast;
1221105-B20-01-888;7.99;8;9;RAVENOL STF Synchromesh Transmission Fluid - 20 L Bag in Box;bag;
1182101-001-01-999;5.8;8;9;RAVENOL FORKOIL Ultra Light 2,5W - 1 L (VE 12  Stück);1 L;
1182102-001-01-999;5.8;8;9;RAVENOL FORKOIL Light 5W - 1 L (VE 12  Stück);1 L;
1182104-001-01-999;4.2;8;9;RAVENOL FORKOIL Medium 10W - 1 L (VE 12 Stück);1 L;
1182105-001-01-999;4.2;8;9;RAVENOL FORKOIL Heavy 15W - 1 L (VE 12 Stück);1 L;
1182106-001-01-999;4.2;8;9;RAVENOL FORKOIL Very Heavy 20W - 1 L (VE 12 Stück);1 L;
1340109-090-04-016;2.99;8;9;RAVENOL Kupferpaste - 0,09kg  = 90 g (VE 16 Stück);tuba;MEDENÁ PASTA
1340107-001-03-000;5.5;8;9;RAVENOL KFZ-Fließfett ZSA - 1 kg (VE 12 Stück);1 kg;FARBA: ZELENÁ
1340107-005-03-000;5.2;8;9;RAVENOL KFZ-Fließfett ZSA - 5 kg (VE 1 Stück);vedro;
1340101-001-03-000;4.7;8;9;RAVENOL Mehrzweckfett OML - 1 kg (VE 12 Stück);1 kg;FARBA: HNEDÁ
1340101-005-03-000;4.5;8;9;RAVENOL Mehrzweckfett OML - 5 kg (VE 1 Stück);vedro;
1340101-400-04-999;2.7;8;9;RAVENOL Mehrzweckfett OML - 0,4kg  = 400 g Kartusche (VE 24 Stück);kartuša;
1340102-001-03-000;5.5;8;9;RAVENOL Mehrzweckfett mit Graphit - 1 kg (VE 12 Stück);1 kg;FARBA: ĆIERNA
1340102-005-03-000;5.2;8;9;RAVENOL Mehrzweckfett mit Graphit - 5 kg (VE 1 Stück);vedro;
1340102-400-04-999;2.79;8;9;RAVENOL Mehrzweckfett mit Graphit - 0,4kg  = 400 g  Kartusche (VE 24 Stück);kartuša;
1340103-001-03-000;6.1;8;9;RAVENOL Mehrzweckfett mit MoS-2 - 1 kg (VE 12 Stück);1 kg;FARBA: ŠEDÁ
1340103-005-03-000;5.8;8;9;RAVENOL Mehrzweckfett mit MoS-2 - 5 kg (VE 1 Stück);vedro;
1340103-400-04-999;2.99;8;9;RAVENOL Mehrzweckfett mit MoS-2 - 0,4kg  = 400 g  Kartusche (VE 24 Stück);kartuša;
1340117-001-03-000;6.5;8;9;RAVENOL LKW FETT BLAU - 1 kg (VE 12 Stück);1 kg;FARBA: MODRÁ
1340117-005-03-000;5.9;8;9;RAVENOL LKW FETT BLAU - 5 kg (VE 1 Stück);vedro;
1340117-400-04-999;2.99;8;9;RAVENOL LKW FETT BLAU - 0,4kg = 400 g Kartusche (VE 24 Stück);kartuša;
1340128-400-04-999;3.99;8;9;RAVENOL Marinefett - 0,4kg  = 400 g Kartusche (VE 24 Stück);kartuša;FARBA: ZELENO-ŽLTÁ
1340104-400-04-999;2.5;8;9;RAVENOL Super EP-Langzeitfett - 0,4kg  = 400 g  Kartusche (VE 24 Stück);kartuša;FARBA: HNEDÁ
1350601-001-01-000;4.65;8;9;RAVENOL DOT 4 - 1 L (VE 6 Stück);1 L;
1350601-250-05-000;1.99;8;9;RAVENOL DOT 4 - 0,25L = 250 ml (VE 24 Stück);250 ml;
1350601-500-05-000;2.99;8;9;RAVENOL DOT 4 - 0,5L = 500 ml (VE 12 Stück);500 ml;
1350602-001-01-000;5.5;8;9;RAVENOL DOT 5.1 - 1 L (VE 6 Stück);1 L;
1350604-500-01-000;13.9;8;9;RAVENOL Racing Brake Fluid R 325+ - 0,5 L (VE 12 Stück);500 ml;
1350605-001-01-000;5.5;8;9;RAVENOL DOT 4 LV - 1 L (VE 10 Stück);1 L;
1350131-020-01-999;5.99;8;9;RAVENOL Calibration Fluid 2.5 - 20 L;plast;Bosch (VS 15665-OL)
1410120-150-01-999;3.99;8;9;RAVENOL HTC Concentrate Protect MB 325.0 - 1,50 L (VE 10 Stück);1,5 L;VW TL 774 C (G11) / 1:1 = - 37°C
1410122-150-01-999;2.99;8;9;RAVENOL HJC Concentrate Protect FL22 - 1,50 L (VE 10 Stück);1,5 L;MAZDA FL22 / 1:1 = - 37°C
1410128-150-01-999;3.99;8;9;RAVENOL LGC Concentrate Protect C13 - 1,50 L (VE 10 Stück);1,5 L;VW TL 774-J  G13 /  1:1 = - 35°C
1390201-300-05-000;3.99;8;9;RAVENOL Petrol Performance Optimizer Premium - 0,30 L = 300 ml (VE 12 Stück);300 ml;
1390202-300-05-000;4.59;8;9;RAVENOL Petrol System Cleaner - 0,30 L = 300 ml (VE 12 Stück);300 ml;
1390203-300-05-000;4.59;8;9;RAVENOL Petrol Quality Stabilisator - 0,30 L = 300 ml (VE 12 Stück);300 ml;
1390204-300-05-000;3.99;8;9;RAVENOL Petrol Octane Booster - 0,30 L = 300 ml (VE 12 Stück);300 ml;
1390241-300-05-000;4.59;8;9;RAVENOL Diesel Performance Optimizer Premium - 0,30 L = 300 ml (VE 12 Stück);300 ml;
1390242-300-05-000;3.99;8;9;RAVENOL Diesel Cetane Booster - 0,30 L = 300 ml (VE 12 Stück);300 ml;
1390243-300-05-000;4.99;8;9;RAVENOL Diesel System Cleaner - 0,30 L = 300 ml (VE 12 Stück);300 ml;
1390244-300-05-000;4.59;8;9;RAVENOL Diesel Quality Stabilisator - 0,30 L = 300 ml (VE 12 Stück);300 ml;
1390321-300-05-000;5.99;8;9;RAVENOL Professional Engine Cleaner - 0,30 L = 300 ml (VE 12 Stück);300 ml;
1430220-001-01-000;6.5;8;9;RAVENOL Fließverbesserer - 1 L (VE 12 Stück);1 L;NEZÁMRZNÁ LÁTKA , 1:1000
1360066-005-01-000;2.99;8;9;RAVENOL Velour Reiniger - 5 L (VE 4 Stück);5 L;ČISTIČ ČALÚNENIA
1360066-500-05-000;2.2;8;9;RAVENOL Velour Reiniger - 0,5L = 500 ml (VE 12 Stück);500 ml;
1360067-005-01-000;2.99;8;9;RAVENOL Leder Reiniger - 5 L (VE 4 Stück);5 L;ČISTIČ KOŽE
1360067-500-05-000;2.2;8;9;RAVENOL Leder Reiniger - 0,5L = 500 ml (VE 12 Stück);500 ml;
1360060-005-01-000;3.99;8;9;RAVENOL ALUfelgen Reiniger - 5 L (VE 4 Stück);5 L;ČISTIČ KOLIES
1360060-500-05-000;3.2;8;9;RAVENOL ALUfelgen Reiniger - 500 ml (VE 12 Stück);500 ml;
1360025-500-05-000;1.99;8;9;RAVENOL Glasklar - 0,5L = 500 ml (VE 12 Stück);500 ml;ČISTIČ OKIEN
1360059-500-05-000;2.5;8;9;RAVENOL Insekten Entferner - 0,5L = 500 ml (VE 12 Stück);500 ml;ODSTRAŇOVAČ HMYZU
1360005-001-01-000;1.99;8;9;RAVENOL Auto-Shampoo - 1 L (VE 12 Stück);1 L;AUTO ŠAMPÓN
1360004-500-05-000;3.5;8;9;RAVENOL Teerentferner - 0,5L = 500 ml (VE 12 Stück);500 ml;ODSTRAŇOVAČ SMOLY
1360033-400-05-000;3.5;8;9;RAVENOL Silikon-Spray - 0,4L = 400 ml (VE 12 Stück);400 ml;SILIKÓNOVÝ SPREJ
1360034-400-05-000;3.5;8;9;RAVENOL Motorstarter-Spray - 0,4L = 400 ml (VE 12 Stück);400 ml;PRE DIESEL AJ BENZÍN MOTOR
1360001-500-05-000;3.5;8;9;RAVENOL Kaltreiniger - 0,5L = 500 ml (VE 12 Stück);500 ml;ČISTIČ MOTORA
1360002-500-05-000;3.2;8;9;RAVENOL Kaltreiniger lösemittelfrei - 0,5L = 500 ml (VE 12 Stück);500 ml;ČISTIČ MOTORA
1360068-500-05-000;2.99;8;9;RAVENOL Bootsreiniger - 0,5L = 500 ml (VE 12 Stück);500 ml;ČISTIČ PRE LODE
1360009-400-05-000;2.99;8;9;RAVENOL Rostlöser MoS 2 Spray - 0,4L = 400 ml (VE 12 Stück);400 ml;UVOĽŇOVAČ SKRUTIEK
1360030-005-01-000;2.99;8;9;RAVENOL Bremsenreiniger - 5 L (VE 1 Stück);5 L;ČISTIČ BŔZD
1360030-500-05-000;1.99;8;9;RAVENOL Bremsenreiniger Spray - 0,5L = 500 ml (VE 12 Stück);500 ml;
1360600-010-01-000;2.2;8;9;RAVENOL Handreiniger - Paste - 10 L;vedro;ČISTIACA PASTA NA RUKY
1360600-500-05-000;2.5;8;9;RAVENOL Handreiniger - Paste - 500 ml (VE 24 Stück);500 ml;
1370190-001-02-000;23.9;8;9;RAVENOL Teleskopická pumpa na sud 50 - 210 Ltr;1 KS;
1370500-001-02-000;14.9;8;9;Ravenol Putzpapier blau 2-lg. 500Listov/ rolka, 2 rolky v balení;sada ;
